-- phpMyAdmin SQL Dump
-- version 5.1.3
-- https://www.phpmyadmin.net/
--
-- Hôte : 127.0.0.1
-- Généré le : mer. 25 mai 2022 à 08:45
-- Version du serveur : 10.4.13-MariaDB
-- Version de PHP : 7.4.7

SET SQL_MODE = "NO_AUTO_VALUE_ON_ZERO";
START TRANSACTION;
SET time_zone = "+00:00";


/*!40101 SET @OLD_CHARACTER_SET_CLIENT=@@CHARACTER_SET_CLIENT */;
/*!40101 SET @OLD_CHARACTER_SET_RESULTS=@@CHARACTER_SET_RESULTS */;
/*!40101 SET @OLD_COLLATION_CONNECTION=@@COLLATION_CONNECTION */;
/*!40101 SET NAMES utf8mb4 */;

--
-- Base de données : `gsb`
--

DELIMITER $$
--
-- Procédures
--
CREATE DEFINER=`root`@`localhost` PROCEDURE `INSERTLFHF` (IN `sidVisiteur` CHAR(4), IN `smois` CHAR(6), IN `slibelle` VARCHAR(100), IN `sdateSaisie` DATE, IN `smontant` DECIMAL(10,2))   BEGIN
INSERT INTO lignefraishorsforfait(idVisiteur,mois,libelle,dateSaisie,montant) VALUES (sidVisiteur,smois,slibelle,sdateSaisie,smontant);
END$$

CREATE DEFINER=`root`@`localhost` PROCEDURE `NBRELFHFBYVISITEURMOIS` (IN `sidVisiteur` VARCHAR(4), IN `smois` VARCHAR(6), OUT `nbre` INT)   BEGIN
SELECT COUNT(*) INTO nbre FROM lignefraishorsforfait
WHERE idVisiteur = sidVisiteur AND mois = smois;
END$$

CREATE DEFINER=`root`@`localhost` PROCEDURE `SELECTLFHF` ()   BEGIN 
SELECT id,idVisiteur,mois,libelle,date,montant FROM lignefraishorsforfait;
END$$

CREATE DEFINER=`root`@`localhost` PROCEDURE `visiteurSansFicheFrais` ()   BEGIN
SELECT * FROM visiteur WHERE id not in ( select idVisiteur from fichefrais);
END$$

--
-- Fonctions
--
CREATE DEFINER=`root`@`localhost` FUNCTION `NBREFICHEBYVISITEUR` (`sidVisiteur` VARCHAR(4)) RETURNS INT(11)  BEGIN
	DECLARE nbreFichefrais integer;
    SELECT COUNT(*) INTO nbreFichefrais
    FROM fichefrais f
    WHERE f.idVisiteur = sidVisiteur;
    RETURN (nbreFicheFrais);
END$$

DELIMITER ;

-- --------------------------------------------------------

--
-- Structure de la table `comptable`
--

CREATE TABLE `comptable` (
  `id` char(4) NOT NULL,
  `nom` char(30) DEFAULT NULL,
  `prenom` char(30) DEFAULT NULL,
  `login` char(20) DEFAULT NULL,
  `mdp` char(20) DEFAULT NULL,
  `adresse` char(30) DEFAULT NULL,
  `cp` char(5) DEFAULT NULL,
  `ville` char(30) DEFAULT NULL,
  `dateEmbauche` date DEFAULT NULL
) ENGINE=InnoDB DEFAULT CHARSET=utf8mb4;

--
-- Déchargement des données de la table `comptable`
--

INSERT INTO `comptable` (`id`, `nom`, `prenom`, `login`, `mdp`, `adresse`, `cp`, `ville`, `dateEmbauche`) VALUES
('ac1', 'Dumoulin', 'Alphonse', 'adumoulin', 'oppg6', '12 rue des martyrs de la résis', '93100', 'Montreuil', '1995-12-21');

-- --------------------------------------------------------

--
-- Structure de la table `etat`
--

CREATE TABLE `etat` (
  `id` char(2) NOT NULL,
  `libelle` varchar(30) DEFAULT NULL
) ENGINE=InnoDB DEFAULT CHARSET=utf8mb4;

--
-- Déchargement des données de la table `etat`
--

INSERT INTO `etat` (`id`, `libelle`) VALUES
('CL', 'Saisie clôturée'),
('CR', 'Fiche créée, saisie en cours'),
('RB', 'Remboursée'),
('VA', 'Validée et mise en paiement');

-- --------------------------------------------------------

--
-- Structure de la table `fichefrais`
--

CREATE TABLE `fichefrais` (
  `idVisiteur` char(4) NOT NULL,
  `mois` char(6) NOT NULL,
  `nbJustificatifs` int(11) DEFAULT NULL,
  `montantValide` decimal(10,2) DEFAULT NULL,
  `dateModif` date DEFAULT NULL,
  `idEtat` char(2) DEFAULT 'CR'
) ENGINE=InnoDB DEFAULT CHARSET=utf8mb4;

--
-- Déchargement des données de la table `fichefrais`
--

INSERT INTO `fichefrais` (`idVisiteur`, `mois`, `nbJustificatifs`, `montantValide`, `dateModif`, `idEtat`) VALUES
('a17', '202203', NULL, NULL, NULL, 'CR'),
('a17', '202204', NULL, NULL, NULL, 'CR');

-- --------------------------------------------------------

--
-- Structure de la table `fraisforfait`
--

CREATE TABLE `fraisforfait` (
  `id` char(3) NOT NULL,
  `libelle` char(20) DEFAULT NULL,
  `montant` decimal(5,2) DEFAULT NULL
) ENGINE=InnoDB DEFAULT CHARSET=utf8mb4;

--
-- Déchargement des données de la table `fraisforfait`
--

INSERT INTO `fraisforfait` (`id`, `libelle`, `montant`) VALUES
('ETP', 'Forfait Etape', '110.00'),
('KM', 'Frais Kilométrique', '0.62'),
('NUI', 'Nuitée Hôtel', '80.00'),
('REP', 'Repas Restaurant', '25.00');

-- --------------------------------------------------------

--
-- Structure de la table `hist_mpd_employe`
--

CREATE TABLE `hist_mpd_employe` (
  `id` int(11) NOT NULL,
  `idVisiteur` char(4) NOT NULL,
  `nom` varchar(30) NOT NULL,
  `changedat` datetime DEFAULT NULL,
  `mdp_ancien` varchar(50) DEFAULT NULL
) ENGINE=InnoDB DEFAULT CHARSET=utf8mb4;

--
-- Déchargement des données de la table `hist_mpd_employe`
--

INSERT INTO `hist_mpd_employe` (`id`, `idVisiteur`, `nom`, `changedat`, `mdp_ancien`) VALUES
(1, 'a131', 'Villechalane', '2021-12-10 14:35:52', 'jux7g'),
(2, 'a131', 'Villechalane', '2021-12-10 14:36:13', 'blup'),
(3, 'a131', 'Villechalane', '2021-12-10 14:36:34', 'blup'),
(4, 'a131', 'Villechalane', '2021-12-10 14:36:39', 'blup'),
(5, 'f4', 'Gest', '2021-12-16 14:46:30', 'dywvt'),
(6, 'b28', 'Cacheux', '2021-12-16 14:46:30', 'uf7r3'),
(7, 'b4', 'Charoze', '2021-12-16 14:46:30', 'u817o'),
(8, 'a55', 'Bedos', '2021-12-16 14:46:30', 'gmhxd'),
(9, 'b50', 'Clepkens', '2021-12-16 14:46:30', 'bw1us'),
(10, 'e49', 'Duncombe', '2021-12-16 14:46:30', 'qf77j'),
(11, 'e5', 'Enault-Pascreau', '2021-12-16 14:46:30', 'y2qdu'),
(12, 'a17', 'Andre', '2021-12-16 14:46:30', 'oppg5'),
(13, 'b25', 'Bunisset', '2021-12-16 14:46:30', 's1y1r'),
(14, 'b34', 'Cadic', '2021-12-16 14:46:30', '6u8dc'),
(15, 'f39', 'Frémont', '2021-12-16 14:46:30', 'xs5tq'),
(16, 'b19', 'Bunisset', '2021-12-16 14:46:30', '4vbnd'),
(17, 'c14', 'Daburon', '2021-12-16 14:46:30', '7oqpv'),
(18, 'e39', 'Dudouit', '2021-12-16 14:46:30', '44im8'),
(19, 'f21', 'Finck', '2021-12-16 14:46:30', 'mpb3t'),
(20, 'd13', 'Debelle', '2021-12-16 14:46:30', 'nvwqq'),
(21, 'a131', 'Villechalane', '2021-12-16 14:46:30', 'jux7g'),
(22, 'a93', 'Tusseau', '2021-12-16 14:46:30', 'ktp3s'),
(23, 'b16', 'Bioret', '2021-12-16 14:46:30', 'hrjfs'),
(24, 'c54', 'Debelle', '2021-12-16 14:46:30', 'od5rt'),
(25, 'd51', 'Debroise', '2021-12-16 14:46:30', 'sghkb'),
(26, 'e22', 'Desmarquest', '2021-12-16 14:46:30', 'f1fob'),
(27, 'b13', 'Bentot', '2021-12-16 14:46:30', 'doyw1'),
(28, 'c3', 'De', '2021-12-16 14:46:30', 'gk9kx'),
(29, 'e24', 'Desnost', '2021-12-16 14:46:30', '4k2o5'),
(30, 'e52', 'Eynde', '2021-12-16 14:46:30', 'i7sn3'),
(31, 'b59', 'Cottin', '2021-12-16 14:46:30', '2hoh9'),
(32, 'f4', 'Gest', '2021-12-16 14:46:46', 'dywvt'),
(33, 'b28', 'Cacheux', '2021-12-16 14:46:46', 'uf7r3'),
(34, 'b4', 'Charoze', '2021-12-16 14:46:46', 'u817o'),
(35, 'a55', 'Bedos', '2021-12-16 14:46:46', 'gmhxd'),
(36, 'b50', 'Clepkens', '2021-12-16 14:46:46', 'bw1us'),
(37, 'e49', 'Duncombe', '2021-12-16 14:46:46', 'qf77j'),
(38, 'e5', 'Enault-Pascreau', '2021-12-16 14:46:46', 'y2qdu'),
(39, 'a17', 'Andre', '2021-12-16 14:46:46', 'oppg5'),
(40, 'b25', 'Bunisset', '2021-12-16 14:46:46', 's1y1r'),
(41, 'b34', 'Cadic', '2021-12-16 14:46:46', '6u8dc'),
(42, 'f39', 'Frémont', '2021-12-16 14:46:46', 'xs5tq'),
(43, 'b19', 'Bunisset', '2021-12-16 14:46:46', '4vbnd'),
(44, 'c14', 'Daburon', '2021-12-16 14:46:46', '7oqpv'),
(45, 'e39', 'Dudouit', '2021-12-16 14:46:46', '44im8'),
(46, 'f21', 'Finck', '2021-12-16 14:46:46', 'mpb3t'),
(47, 'd13', 'Debelle', '2021-12-16 14:46:46', 'nvwqq'),
(48, 'a131', 'Villechalane', '2021-12-16 14:46:46', 'jux7g'),
(49, 'a93', 'Tusseau', '2021-12-16 14:46:46', 'ktp3s'),
(50, 'b16', 'Bioret', '2021-12-16 14:46:46', 'hrjfs'),
(51, 'c54', 'Debelle', '2021-12-16 14:46:46', 'od5rt'),
(52, 'd51', 'Debroise', '2021-12-16 14:46:46', 'sghkb'),
(53, 'e22', 'Desmarquest', '2021-12-16 14:46:46', 'f1fob'),
(54, 'b13', 'Bentot', '2021-12-16 14:46:46', 'doyw1'),
(55, 'c3', 'De', '2021-12-16 14:46:46', 'gk9kx'),
(56, 'e24', 'Desnost', '2021-12-16 14:46:46', '4k2o5'),
(57, 'e52', 'Eynde', '2021-12-16 14:46:46', 'i7sn3'),
(58, 'b59', 'Cottin', '2021-12-16 14:46:46', '2hoh9'),
(59, 'f4', 'Gest', '2021-12-16 14:47:00', 'dywvt'),
(60, 'b28', 'Cacheux', '2021-12-16 14:47:00', 'uf7r3'),
(61, 'b4', 'Charoze', '2021-12-16 14:47:00', 'u817o'),
(62, 'a55', 'Bedos', '2021-12-16 14:47:00', 'gmhxd'),
(63, 'b50', 'Clepkens', '2021-12-16 14:47:00', 'bw1us'),
(64, 'e49', 'Duncombe', '2021-12-16 14:47:00', 'qf77j'),
(65, 'e5', 'Enault-Pascreau', '2021-12-16 14:47:00', 'y2qdu'),
(66, 'a17', 'Andre', '2021-12-16 14:47:00', 'oppg5'),
(67, 'b25', 'Bunisset', '2021-12-16 14:47:00', 's1y1r'),
(68, 'b34', 'Cadic', '2021-12-16 14:47:00', '6u8dc'),
(69, 'f39', 'Frémont', '2021-12-16 14:47:00', 'xs5tq'),
(70, 'b19', 'Bunisset', '2021-12-16 14:47:00', '4vbnd'),
(71, 'c14', 'Daburon', '2021-12-16 14:47:00', '7oqpv'),
(72, 'e39', 'Dudouit', '2021-12-16 14:47:00', '44im8'),
(73, 'f21', 'Finck', '2021-12-16 14:47:00', 'mpb3t'),
(74, 'd13', 'Debelle', '2021-12-16 14:47:00', 'nvwqq'),
(75, 'a131', 'Villechalane', '2021-12-16 14:47:00', 'jux7g'),
(76, 'a93', 'Tusseau', '2021-12-16 14:47:00', 'ktp3s'),
(77, 'b16', 'Bioret', '2021-12-16 14:47:00', 'hrjfs'),
(78, 'c54', 'Debelle', '2021-12-16 14:47:00', 'od5rt'),
(79, 'd51', 'Debroise', '2021-12-16 14:47:00', 'sghkb'),
(80, 'e22', 'Desmarquest', '2021-12-16 14:47:00', 'f1fob'),
(81, 'b13', 'Bentot', '2021-12-16 14:47:00', 'doyw1'),
(82, 'c3', 'De', '2021-12-16 14:47:00', 'gk9kx'),
(83, 'e24', 'Desnost', '2021-12-16 14:47:01', '4k2o5'),
(84, 'e52', 'Eynde', '2021-12-16 14:47:01', 'i7sn3'),
(85, 'b59', 'Cottin', '2021-12-16 14:47:01', '2hoh9'),
(86, 'f4', 'Gest', '2021-12-16 14:48:32', 'dywvt'),
(87, 'b28', 'Cacheux', '2021-12-16 14:48:32', 'uf7r3'),
(88, 'b4', 'Charoze', '2021-12-16 14:48:32', 'u817o'),
(89, 'a55', 'Bedos', '2021-12-16 14:48:32', 'gmhxd'),
(90, 'b50', 'Clepkens', '2021-12-16 14:48:32', 'bw1us'),
(91, 'e49', 'Duncombe', '2021-12-16 14:48:32', 'qf77j'),
(92, 'e5', 'Enault-Pascreau', '2021-12-16 14:48:32', 'y2qdu'),
(93, 'a17', 'Andre', '2021-12-16 14:48:32', 'oppg5'),
(94, 'b25', 'Bunisset', '2021-12-16 14:48:32', 's1y1r'),
(95, 'b34', 'Cadic', '2021-12-16 14:48:32', '6u8dc'),
(96, 'f39', 'Frémont', '2021-12-16 14:48:32', 'xs5tq'),
(97, 'b19', 'Bunisset', '2021-12-16 14:48:32', '4vbnd'),
(98, 'c14', 'Daburon', '2021-12-16 14:48:32', '7oqpv'),
(99, 'e39', 'Dudouit', '2021-12-16 14:48:32', '44im8'),
(100, 'f21', 'Finck', '2021-12-16 14:48:32', 'mpb3t'),
(101, 'd13', 'Debelle', '2021-12-16 14:48:32', 'nvwqq'),
(102, 'a131', 'Villechalane', '2021-12-16 14:48:32', 'jux7g'),
(103, 'a93', 'Tusseau', '2021-12-16 14:48:32', 'ktp3s'),
(104, 'b16', 'Bioret', '2021-12-16 14:48:32', 'hrjfs'),
(105, 'c54', 'Debelle', '2021-12-16 14:48:32', 'od5rt'),
(106, 'd51', 'Debroise', '2021-12-16 14:48:32', 'sghkb'),
(107, 'e22', 'Desmarquest', '2021-12-16 14:48:32', 'f1fob'),
(108, 'b13', 'Bentot', '2021-12-16 14:48:32', 'doyw1'),
(109, 'c3', 'De', '2021-12-16 14:48:32', 'gk9kx'),
(110, 'e24', 'Desnost', '2021-12-16 14:48:32', '4k2o5'),
(111, 'e52', 'Eynde', '2021-12-16 14:48:32', 'i7sn3'),
(112, 'b59', 'Cottin', '2021-12-16 14:48:32', '2hoh9'),
(113, 'f4', 'Gest', '2021-12-16 15:04:35', 'dywvt'),
(114, 'b28', 'Cacheux', '2021-12-16 15:04:35', 'uf7r3'),
(115, 'b4', 'Charoze', '2021-12-16 15:04:35', 'u817o'),
(116, 'a55', 'Bedos', '2021-12-16 15:04:35', 'gmhxd'),
(117, 'b50', 'Clepkens', '2021-12-16 15:04:35', 'bw1us'),
(118, 'e49', 'Duncombe', '2021-12-16 15:04:35', 'qf77j'),
(119, 'e5', 'Enault-Pascreau', '2021-12-16 15:04:35', 'y2qdu'),
(120, 'a17', 'Andre', '2021-12-16 15:04:35', 'oppg5'),
(121, 'b25', 'Bunisset', '2021-12-16 15:04:35', 's1y1r'),
(122, 'b34', 'Cadic', '2021-12-16 15:04:35', '6u8dc'),
(123, 'f39', 'Frémont', '2021-12-16 15:04:35', 'xs5tq'),
(124, 'b19', 'Bunisset', '2021-12-16 15:04:35', '4vbnd'),
(125, 'c14', 'Daburon', '2021-12-16 15:04:35', '7oqpv'),
(126, 'e39', 'Dudouit', '2021-12-16 15:04:35', '44im8'),
(127, 'f21', 'Finck', '2021-12-16 15:04:35', 'mpb3t'),
(128, 'd13', 'Debelle', '2021-12-16 15:04:35', 'nvwqq'),
(129, 'a131', 'Villechalane', '2021-12-16 15:04:35', 'jux7g'),
(130, 'a93', 'Tusseau', '2021-12-16 15:04:35', 'ktp3s'),
(131, 'b16', 'Bioret', '2021-12-16 15:04:35', 'hrjfs'),
(132, 'c54', 'Debelle', '2021-12-16 15:04:35', 'od5rt'),
(133, 'd51', 'Debroise', '2021-12-16 15:04:35', 'sghkb'),
(134, 'e22', 'Desmarquest', '2021-12-16 15:04:35', 'f1fob'),
(135, 'b13', 'Bentot', '2021-12-16 15:04:35', 'doyw1'),
(136, 'c3', 'De', '2021-12-16 15:04:35', 'gk9kx'),
(137, 'e24', 'Desnost', '2021-12-16 15:04:35', '4k2o5'),
(138, 'e52', 'Eynde', '2021-12-16 15:04:35', 'i7sn3'),
(139, 'b59', 'Cottin', '2021-12-16 15:04:35', '2hoh9'),
(140, 'f4', 'Gest', '2021-12-16 15:05:12', 'dywvt'),
(141, 'b28', 'Cacheux', '2021-12-16 15:05:12', 'uf7r3'),
(142, 'b4', 'Charoze', '2021-12-16 15:05:12', 'u817o'),
(143, 'a55', 'Bedos', '2021-12-16 15:05:12', 'gmhxd'),
(144, 'b50', 'Clepkens', '2021-12-16 15:05:12', 'bw1us'),
(145, 'e49', 'Duncombe', '2021-12-16 15:05:12', 'qf77j'),
(146, 'e5', 'Enault-Pascreau', '2021-12-16 15:05:12', 'y2qdu'),
(147, 'a17', 'Andre', '2021-12-16 15:05:12', 'oppg5'),
(148, 'b25', 'Bunisset', '2021-12-16 15:05:12', 's1y1r'),
(149, 'b34', 'Cadic', '2021-12-16 15:05:12', '6u8dc'),
(150, 'f39', 'Frémont', '2021-12-16 15:05:12', 'xs5tq'),
(151, 'b19', 'Bunisset', '2021-12-16 15:05:12', '4vbnd'),
(152, 'c14', 'Daburon', '2021-12-16 15:05:12', '7oqpv'),
(153, 'e39', 'Dudouit', '2021-12-16 15:05:12', '44im8'),
(154, 'f21', 'Finck', '2021-12-16 15:05:12', 'mpb3t'),
(155, 'd13', 'Debelle', '2021-12-16 15:05:12', 'nvwqq'),
(156, 'a131', 'Villechalane', '2021-12-16 15:05:12', 'jux7g'),
(157, 'a93', 'Tusseau', '2021-12-16 15:05:12', 'ktp3s'),
(158, 'b16', 'Bioret', '2021-12-16 15:05:12', 'hrjfs'),
(159, 'c54', 'Debelle', '2021-12-16 15:05:12', 'od5rt'),
(160, 'd51', 'Debroise', '2021-12-16 15:05:12', 'sghkb'),
(161, 'e22', 'Desmarquest', '2021-12-16 15:05:12', 'f1fob'),
(162, 'b13', 'Bentot', '2021-12-16 15:05:12', 'doyw1'),
(163, 'c3', 'De', '2021-12-16 15:05:12', 'gk9kx'),
(164, 'e24', 'Desnost', '2021-12-16 15:05:12', '4k2o5'),
(165, 'e52', 'Eynde', '2021-12-16 15:05:12', 'i7sn3'),
(166, 'b59', 'Cottin', '2021-12-16 15:05:12', '2hoh9'),
(167, 'f4', 'Gest', '2021-12-16 15:05:20', 'dywvt'),
(168, 'b28', 'Cacheux', '2021-12-16 15:05:20', 'uf7r3'),
(169, 'b4', 'Charoze', '2021-12-16 15:05:20', 'u817o'),
(170, 'a55', 'Bedos', '2021-12-16 15:05:20', 'gmhxd'),
(171, 'b50', 'Clepkens', '2021-12-16 15:05:20', 'bw1us'),
(172, 'e49', 'Duncombe', '2021-12-16 15:05:20', 'qf77j'),
(173, 'e5', 'Enault-Pascreau', '2021-12-16 15:05:20', 'y2qdu'),
(174, 'a17', 'Andre', '2021-12-16 15:05:20', 'oppg5'),
(175, 'b25', 'Bunisset', '2021-12-16 15:05:20', 's1y1r'),
(176, 'b34', 'Cadic', '2021-12-16 15:05:20', '6u8dc'),
(177, 'f39', 'Frémont', '2021-12-16 15:05:20', 'xs5tq'),
(178, 'b19', 'Bunisset', '2021-12-16 15:05:20', '4vbnd'),
(179, 'c14', 'Daburon', '2021-12-16 15:05:20', '7oqpv'),
(180, 'e39', 'Dudouit', '2021-12-16 15:05:20', '44im8'),
(181, 'f21', 'Finck', '2021-12-16 15:05:20', 'mpb3t'),
(182, 'd13', 'Debelle', '2021-12-16 15:05:20', 'nvwqq'),
(183, 'a131', 'Villechalane', '2021-12-16 15:05:20', 'jux7g'),
(184, 'a93', 'Tusseau', '2021-12-16 15:05:20', 'ktp3s'),
(185, 'b16', 'Bioret', '2021-12-16 15:05:20', 'hrjfs'),
(186, 'c54', 'Debelle', '2021-12-16 15:05:20', 'od5rt'),
(187, 'd51', 'Debroise', '2021-12-16 15:05:20', 'sghkb'),
(188, 'e22', 'Desmarquest', '2021-12-16 15:05:20', 'f1fob'),
(189, 'b13', 'Bentot', '2021-12-16 15:05:20', 'doyw1'),
(190, 'c3', 'De', '2021-12-16 15:05:20', 'gk9kx'),
(191, 'e24', 'Desnost', '2021-12-16 15:05:21', '4k2o5'),
(192, 'e52', 'Eynde', '2021-12-16 15:05:21', 'i7sn3'),
(193, 'b59', 'Cottin', '2021-12-16 15:05:21', '2hoh9'),
(194, 'f4', 'Gest', '2021-12-16 15:07:33', 'dywvt'),
(195, 'b28', 'Cacheux', '2021-12-16 15:07:33', 'uf7r3'),
(196, 'b4', 'Charoze', '2021-12-16 15:07:33', 'u817o'),
(197, 'a55', 'Bedos', '2021-12-16 15:07:33', 'gmhxd'),
(198, 'b50', 'Clepkens', '2021-12-16 15:07:33', 'bw1us'),
(199, 'e49', 'Duncombe', '2021-12-16 15:07:33', 'qf77j'),
(200, 'e5', 'Enault-Pascreau', '2021-12-16 15:07:33', 'y2qdu'),
(201, 'a17', 'Andre', '2021-12-16 15:07:33', 'oppg5'),
(202, 'b25', 'Bunisset', '2021-12-16 15:07:33', 's1y1r'),
(203, 'b34', 'Cadic', '2021-12-16 15:07:33', '6u8dc'),
(204, 'f39', 'Frémont', '2021-12-16 15:07:33', 'xs5tq'),
(205, 'b19', 'Bunisset', '2021-12-16 15:07:33', '4vbnd'),
(206, 'c14', 'Daburon', '2021-12-16 15:07:33', '7oqpv'),
(207, 'e39', 'Dudouit', '2021-12-16 15:07:33', '44im8'),
(208, 'f21', 'Finck', '2021-12-16 15:07:33', 'mpb3t'),
(209, 'd13', 'Debelle', '2021-12-16 15:07:33', 'nvwqq'),
(210, 'a131', 'Villechalane', '2021-12-16 15:07:33', 'jux7g'),
(211, 'a93', 'Tusseau', '2021-12-16 15:07:33', 'ktp3s'),
(212, 'b16', 'Bioret', '2021-12-16 15:07:33', 'hrjfs'),
(213, 'c54', 'Debelle', '2021-12-16 15:07:33', 'od5rt'),
(214, 'd51', 'Debroise', '2021-12-16 15:07:33', 'sghkb'),
(215, 'e22', 'Desmarquest', '2021-12-16 15:07:33', 'f1fob'),
(216, 'b13', 'Bentot', '2021-12-16 15:07:33', 'doyw1'),
(217, 'c3', 'De', '2021-12-16 15:07:33', 'gk9kx'),
(218, 'e24', 'Desnost', '2021-12-16 15:07:33', '4k2o5'),
(219, 'e52', 'Eynde', '2021-12-16 15:07:33', 'i7sn3'),
(220, 'b59', 'Cottin', '2021-12-16 15:07:33', '2hoh9'),
(221, 'f4', 'Gest', '2021-12-16 15:07:38', 'dywvt'),
(222, 'b28', 'Cacheux', '2021-12-16 15:07:38', 'uf7r3'),
(223, 'b4', 'Charoze', '2021-12-16 15:07:38', 'u817o'),
(224, 'a55', 'Bedos', '2021-12-16 15:07:38', 'gmhxd'),
(225, 'b50', 'Clepkens', '2021-12-16 15:07:38', 'bw1us'),
(226, 'e49', 'Duncombe', '2021-12-16 15:07:38', 'qf77j'),
(227, 'e5', 'Enault-Pascreau', '2021-12-16 15:07:38', 'y2qdu'),
(228, 'a17', 'Andre', '2021-12-16 15:07:38', 'oppg5'),
(229, 'b25', 'Bunisset', '2021-12-16 15:07:38', 's1y1r'),
(230, 'b34', 'Cadic', '2021-12-16 15:07:38', '6u8dc'),
(231, 'f39', 'Frémont', '2021-12-16 15:07:38', 'xs5tq'),
(232, 'b19', 'Bunisset', '2021-12-16 15:07:38', '4vbnd'),
(233, 'c14', 'Daburon', '2021-12-16 15:07:38', '7oqpv'),
(234, 'e39', 'Dudouit', '2021-12-16 15:07:38', '44im8'),
(235, 'f21', 'Finck', '2021-12-16 15:07:38', 'mpb3t'),
(236, 'd13', 'Debelle', '2021-12-16 15:07:38', 'nvwqq'),
(237, 'a131', 'Villechalane', '2021-12-16 15:07:38', 'jux7g'),
(238, 'a93', 'Tusseau', '2021-12-16 15:07:38', 'ktp3s'),
(239, 'b16', 'Bioret', '2021-12-16 15:07:38', 'hrjfs'),
(240, 'c54', 'Debelle', '2021-12-16 15:07:38', 'od5rt'),
(241, 'd51', 'Debroise', '2021-12-16 15:07:38', 'sghkb'),
(242, 'e22', 'Desmarquest', '2021-12-16 15:07:38', 'f1fob'),
(243, 'b13', 'Bentot', '2021-12-16 15:07:38', 'doyw1'),
(244, 'c3', 'De', '2021-12-16 15:07:38', 'gk9kx'),
(245, 'e24', 'Desnost', '2021-12-16 15:07:38', '4k2o5'),
(246, 'e52', 'Eynde', '2021-12-16 15:07:38', 'i7sn3'),
(247, 'b59', 'Cottin', '2021-12-16 15:07:38', '2hoh9'),
(248, 'f4', 'Gest', '2022-01-05 10:16:04', 'dywvt'),
(249, 'b28', 'Cacheux', '2022-01-05 10:16:05', 'uf7r3'),
(250, 'b4', 'Charoze', '2022-01-05 10:16:05', 'u817o'),
(251, 'a55', 'Bedos', '2022-01-05 10:16:05', 'gmhxd'),
(252, 'b50', 'Clepkens', '2022-01-05 10:16:05', 'bw1us'),
(253, 'e49', 'Duncombe', '2022-01-05 10:16:05', 'qf77j'),
(254, 'e5', 'Enault-Pascreau', '2022-01-05 10:16:05', 'y2qdu'),
(255, 'a17', 'Andre', '2022-01-05 10:16:05', 'oppg5'),
(256, 'b25', 'Bunisset', '2022-01-05 10:16:05', 's1y1r'),
(257, 'b34', 'Cadic', '2022-01-05 10:16:05', '6u8dc'),
(258, 'f39', 'Frémont', '2022-01-05 10:16:05', 'xs5tq'),
(259, 'b19', 'Bunisset', '2022-01-05 10:16:05', '4vbnd'),
(260, 'c14', 'Daburon', '2022-01-05 10:16:05', '7oqpv'),
(261, 'e39', 'Dudouit', '2022-01-05 10:16:05', '44im8'),
(262, 'f21', 'Finck', '2022-01-05 10:16:05', 'mpb3t'),
(263, 'd13', 'Debelle', '2022-01-05 10:16:05', 'nvwqq'),
(264, 'a131', 'Villechalane', '2022-01-05 10:16:05', 'jux7g'),
(265, 'a93', 'Tusseau', '2022-01-05 10:16:05', 'ktp3s'),
(266, 'b16', 'Bioret', '2022-01-05 10:16:05', 'hrjfs'),
(267, 'c54', 'Debelle', '2022-01-05 10:16:05', 'od5rt'),
(268, 'd51', 'Debroise', '2022-01-05 10:16:05', 'sghkb'),
(269, 'e22', 'Desmarquest', '2022-01-05 10:16:05', 'f1fob'),
(270, 'b13', 'Bentot', '2022-01-05 10:16:05', 'doyw1'),
(271, 'c3', 'De', '2022-01-05 10:16:05', 'gk9kx'),
(272, 'e24', 'Desnost', '2022-01-05 10:16:05', '4k2o5'),
(273, 'e52', 'Eynde', '2022-01-05 10:16:05', 'i7sn3'),
(274, 'b59', 'Cottin', '2022-01-05 10:16:05', '2hoh9'),
(275, 'f4', 'Gest', '2022-01-05 10:16:14', 'dywvt'),
(276, 'b28', 'Cacheux', '2022-01-05 10:16:14', 'uf7r3'),
(277, 'b4', 'Charoze', '2022-01-05 10:16:14', 'u817o'),
(278, 'a55', 'Bedos', '2022-01-05 10:16:14', 'gmhxd'),
(279, 'b50', 'Clepkens', '2022-01-05 10:16:14', 'bw1us'),
(280, 'e49', 'Duncombe', '2022-01-05 10:16:14', 'qf77j'),
(281, 'e5', 'Enault-Pascreau', '2022-01-05 10:16:14', 'y2qdu'),
(282, 'a17', 'Andre', '2022-01-05 10:16:14', 'oppg5'),
(283, 'b25', 'Bunisset', '2022-01-05 10:16:14', 's1y1r'),
(284, 'b34', 'Cadic', '2022-01-05 10:16:14', '6u8dc'),
(285, 'f39', 'Frémont', '2022-01-05 10:16:14', 'xs5tq'),
(286, 'b19', 'Bunisset', '2022-01-05 10:16:14', '4vbnd'),
(287, 'c14', 'Daburon', '2022-01-05 10:16:14', '7oqpv'),
(288, 'e39', 'Dudouit', '2022-01-05 10:16:14', '44im8'),
(289, 'f21', 'Finck', '2022-01-05 10:16:14', 'mpb3t'),
(290, 'd13', 'Debelle', '2022-01-05 10:16:14', 'nvwqq'),
(291, 'a131', 'Villechalane', '2022-01-05 10:16:14', 'jux7g'),
(292, 'a93', 'Tusseau', '2022-01-05 10:16:14', 'ktp3s'),
(293, 'b16', 'Bioret', '2022-01-05 10:16:14', 'hrjfs'),
(294, 'c54', 'Debelle', '2022-01-05 10:16:14', 'od5rt'),
(295, 'd51', 'Debroise', '2022-01-05 10:16:14', 'sghkb'),
(296, 'e22', 'Desmarquest', '2022-01-05 10:16:14', 'f1fob'),
(297, 'b13', 'Bentot', '2022-01-05 10:16:14', 'doyw1'),
(298, 'c3', 'De', '2022-01-05 10:16:14', 'gk9kx'),
(299, 'e24', 'Desnost', '2022-01-05 10:16:14', '4k2o5'),
(300, 'e52', 'Eynde', '2022-01-05 10:16:14', 'i7sn3'),
(301, 'b59', 'Cottin', '2022-01-05 10:16:14', '2hoh9'),
(302, 'f4', 'Gest', '2022-01-05 10:18:14', 'dywvt'),
(303, 'b28', 'Cacheux', '2022-01-05 10:18:14', 'uf7r3'),
(304, 'b4', 'Charoze', '2022-01-05 10:18:14', 'u817o'),
(305, 'a55', 'Bedos', '2022-01-05 10:18:14', 'gmhxd'),
(306, 'b50', 'Clepkens', '2022-01-05 10:18:14', 'bw1us'),
(307, 'e49', 'Duncombe', '2022-01-05 10:18:14', 'qf77j'),
(308, 'e5', 'Enault-Pascreau', '2022-01-05 10:18:14', 'y2qdu'),
(309, 'a17', 'Andre', '2022-01-05 10:18:14', 'oppg5'),
(310, 'b25', 'Bunisset', '2022-01-05 10:18:14', 's1y1r'),
(311, 'b34', 'Cadic', '2022-01-05 10:18:14', '6u8dc'),
(312, 'f39', 'Frémont', '2022-01-05 10:18:14', 'xs5tq'),
(313, 'b19', 'Bunisset', '2022-01-05 10:18:14', '4vbnd'),
(314, 'c14', 'Daburon', '2022-01-05 10:18:14', '7oqpv'),
(315, 'e39', 'Dudouit', '2022-01-05 10:18:14', '44im8'),
(316, 'f21', 'Finck', '2022-01-05 10:18:14', 'mpb3t'),
(317, 'd13', 'Debelle', '2022-01-05 10:18:14', 'nvwqq'),
(318, 'a131', 'Villechalane', '2022-01-05 10:18:14', 'jux7g'),
(319, 'a93', 'Tusseau', '2022-01-05 10:18:14', 'ktp3s'),
(320, 'b16', 'Bioret', '2022-01-05 10:18:14', 'hrjfs'),
(321, 'c54', 'Debelle', '2022-01-05 10:18:14', 'od5rt'),
(322, 'd51', 'Debroise', '2022-01-05 10:18:14', 'sghkb'),
(323, 'e22', 'Desmarquest', '2022-01-05 10:18:14', 'f1fob'),
(324, 'b13', 'Bentot', '2022-01-05 10:18:14', 'doyw1'),
(325, 'c3', 'De', '2022-01-05 10:18:14', 'gk9kx'),
(326, 'e24', 'Desnost', '2022-01-05 10:18:14', '4k2o5'),
(327, 'e52', 'Eynde', '2022-01-05 10:18:14', 'i7sn3'),
(328, 'b59', 'Cottin', '2022-01-05 10:18:14', '2hoh9'),
(329, 'f4', 'Gest', '2022-01-05 10:25:36', 'dywvt'),
(330, 'b28', 'Cacheux', '2022-01-05 10:25:36', 'uf7r3'),
(331, 'b4', 'Charoze', '2022-01-05 10:25:36', 'u817o'),
(332, 'a55', 'Bedos', '2022-01-05 10:25:36', 'gmhxd'),
(333, 'b50', 'Clepkens', '2022-01-05 10:25:36', 'bw1us'),
(334, 'e49', 'Duncombe', '2022-01-05 10:25:36', 'qf77j'),
(335, 'e5', 'Enault-Pascreau', '2022-01-05 10:25:36', 'y2qdu'),
(336, 'a17', 'Andre', '2022-01-05 10:25:36', 'oppg5'),
(337, 'b25', 'Bunisset', '2022-01-05 10:25:36', 's1y1r'),
(338, 'b34', 'Cadic', '2022-01-05 10:25:36', '6u8dc'),
(339, 'f39', 'Frémont', '2022-01-05 10:25:36', 'xs5tq'),
(340, 'b19', 'Bunisset', '2022-01-05 10:25:36', '4vbnd'),
(341, 'c14', 'Daburon', '2022-01-05 10:25:36', '7oqpv'),
(342, 'e39', 'Dudouit', '2022-01-05 10:25:36', '44im8'),
(343, 'f21', 'Finck', '2022-01-05 10:25:36', 'mpb3t'),
(344, 'd13', 'Debelle', '2022-01-05 10:25:36', 'nvwqq'),
(345, 'a131', 'Villechalane', '2022-01-05 10:25:36', 'jux7g'),
(346, 'a93', 'Tusseau', '2022-01-05 10:25:36', 'ktp3s'),
(347, 'b16', 'Bioret', '2022-01-05 10:25:36', 'hrjfs'),
(348, 'c54', 'Debelle', '2022-01-05 10:25:36', 'od5rt'),
(349, 'd51', 'Debroise', '2022-01-05 10:25:36', 'sghkb'),
(350, 'e22', 'Desmarquest', '2022-01-05 10:25:36', 'f1fob'),
(351, 'b13', 'Bentot', '2022-01-05 10:25:36', 'doyw1'),
(352, 'c3', 'De', '2022-01-05 10:25:36', 'gk9kx'),
(353, 'e24', 'Desnost', '2022-01-05 10:25:36', '4k2o5'),
(354, 'e52', 'Eynde', '2022-01-05 10:25:36', 'i7sn3'),
(355, 'b59', 'Cottin', '2022-01-05 10:25:36', '2hoh9'),
(356, 'f4', 'Gest', '2022-01-05 10:44:31', 'dywvt'),
(357, 'b28', 'Cacheux', '2022-01-05 10:44:31', 'uf7r3'),
(358, 'b4', 'Charoze', '2022-01-05 10:44:31', 'u817o'),
(359, 'a55', 'Bedos', '2022-01-05 10:44:31', 'gmhxd'),
(360, 'b50', 'Clepkens', '2022-01-05 10:44:31', 'bw1us'),
(361, 'e49', 'Duncombe', '2022-01-05 10:44:31', 'qf77j'),
(362, 'e5', 'Enault-Pascreau', '2022-01-05 10:44:31', 'y2qdu'),
(363, 'a17', 'Andre', '2022-01-05 10:44:31', 'oppg5'),
(364, 'b25', 'Bunisset', '2022-01-05 10:44:31', 's1y1r'),
(365, 'b34', 'Cadic', '2022-01-05 10:44:31', '6u8dc'),
(366, 'f39', 'Frémont', '2022-01-05 10:44:31', 'xs5tq'),
(367, 'b19', 'Bunisset', '2022-01-05 10:44:31', '4vbnd'),
(368, 'c14', 'Daburon', '2022-01-05 10:44:31', '7oqpv'),
(369, 'e39', 'Dudouit', '2022-01-05 10:44:31', '44im8'),
(370, 'f21', 'Finck', '2022-01-05 10:44:31', 'mpb3t'),
(371, 'd13', 'Debelle', '2022-01-05 10:44:31', 'nvwqq'),
(372, 'a131', 'Villechalane', '2022-01-05 10:44:31', 'jux7g'),
(373, 'a93', 'Tusseau', '2022-01-05 10:44:31', 'ktp3s'),
(374, 'b16', 'Bioret', '2022-01-05 10:44:31', 'hrjfs'),
(375, 'c54', 'Debelle', '2022-01-05 10:44:31', 'od5rt'),
(376, 'd51', 'Debroise', '2022-01-05 10:44:31', 'sghkb'),
(377, 'e22', 'Desmarquest', '2022-01-05 10:44:31', 'f1fob'),
(378, 'b13', 'Bentot', '2022-01-05 10:44:31', 'doyw1'),
(379, 'c3', 'De', '2022-01-05 10:44:31', 'gk9kx'),
(380, 'e24', 'Desnost', '2022-01-05 10:44:31', '4k2o5'),
(381, 'e52', 'Eynde', '2022-01-05 10:44:31', 'i7sn3'),
(382, 'b59', 'Cottin', '2022-01-05 10:44:31', '2hoh9'),
(383, 'f4', 'Gest', '2022-01-05 10:44:33', 'dywvt'),
(384, 'b28', 'Cacheux', '2022-01-05 10:44:33', 'uf7r3'),
(385, 'b4', 'Charoze', '2022-01-05 10:44:33', 'u817o'),
(386, 'a55', 'Bedos', '2022-01-05 10:44:33', 'gmhxd'),
(387, 'b50', 'Clepkens', '2022-01-05 10:44:33', 'bw1us'),
(388, 'e49', 'Duncombe', '2022-01-05 10:44:33', 'qf77j'),
(389, 'e5', 'Enault-Pascreau', '2022-01-05 10:44:33', 'y2qdu'),
(390, 'a17', 'Andre', '2022-01-05 10:44:33', 'oppg5'),
(391, 'b25', 'Bunisset', '2022-01-05 10:44:33', 's1y1r'),
(392, 'b34', 'Cadic', '2022-01-05 10:44:33', '6u8dc'),
(393, 'f39', 'Frémont', '2022-01-05 10:44:33', 'xs5tq'),
(394, 'b19', 'Bunisset', '2022-01-05 10:44:33', '4vbnd'),
(395, 'c14', 'Daburon', '2022-01-05 10:44:33', '7oqpv'),
(396, 'e39', 'Dudouit', '2022-01-05 10:44:33', '44im8'),
(397, 'f21', 'Finck', '2022-01-05 10:44:33', 'mpb3t'),
(398, 'd13', 'Debelle', '2022-01-05 10:44:33', 'nvwqq'),
(399, 'a131', 'Villechalane', '2022-01-05 10:44:33', 'jux7g'),
(400, 'a93', 'Tusseau', '2022-01-05 10:44:33', 'ktp3s'),
(401, 'b16', 'Bioret', '2022-01-05 10:44:33', 'hrjfs'),
(402, 'c54', 'Debelle', '2022-01-05 10:44:33', 'od5rt'),
(403, 'd51', 'Debroise', '2022-01-05 10:44:33', 'sghkb'),
(404, 'e22', 'Desmarquest', '2022-01-05 10:44:33', 'f1fob'),
(405, 'b13', 'Bentot', '2022-01-05 10:44:33', 'doyw1'),
(406, 'c3', 'De', '2022-01-05 10:44:33', 'gk9kx'),
(407, 'e24', 'Desnost', '2022-01-05 10:44:33', '4k2o5'),
(408, 'e52', 'Eynde', '2022-01-05 10:44:33', 'i7sn3'),
(409, 'b59', 'Cottin', '2022-01-05 10:44:33', '2hoh9'),
(410, 'f4', 'Gest', '2022-01-05 10:44:36', 'dywvt'),
(411, 'b28', 'Cacheux', '2022-01-05 10:44:36', 'uf7r3'),
(412, 'b4', 'Charoze', '2022-01-05 10:44:36', 'u817o'),
(413, 'a55', 'Bedos', '2022-01-05 10:44:36', 'gmhxd'),
(414, 'b50', 'Clepkens', '2022-01-05 10:44:36', 'bw1us'),
(415, 'e49', 'Duncombe', '2022-01-05 10:44:36', 'qf77j'),
(416, 'e5', 'Enault-Pascreau', '2022-01-05 10:44:36', 'y2qdu'),
(417, 'a17', 'Andre', '2022-01-05 10:44:36', 'oppg5'),
(418, 'b25', 'Bunisset', '2022-01-05 10:44:36', 's1y1r'),
(419, 'b34', 'Cadic', '2022-01-05 10:44:36', '6u8dc'),
(420, 'f39', 'Frémont', '2022-01-05 10:44:36', 'xs5tq'),
(421, 'b19', 'Bunisset', '2022-01-05 10:44:36', '4vbnd'),
(422, 'c14', 'Daburon', '2022-01-05 10:44:36', '7oqpv'),
(423, 'e39', 'Dudouit', '2022-01-05 10:44:36', '44im8'),
(424, 'f21', 'Finck', '2022-01-05 10:44:36', 'mpb3t'),
(425, 'd13', 'Debelle', '2022-01-05 10:44:36', 'nvwqq'),
(426, 'a131', 'Villechalane', '2022-01-05 10:44:36', 'jux7g'),
(427, 'a93', 'Tusseau', '2022-01-05 10:44:36', 'ktp3s'),
(428, 'b16', 'Bioret', '2022-01-05 10:44:36', 'hrjfs'),
(429, 'c54', 'Debelle', '2022-01-05 10:44:36', 'od5rt'),
(430, 'd51', 'Debroise', '2022-01-05 10:44:36', 'sghkb'),
(431, 'e22', 'Desmarquest', '2022-01-05 10:44:36', 'f1fob'),
(432, 'b13', 'Bentot', '2022-01-05 10:44:36', 'doyw1'),
(433, 'c3', 'De', '2022-01-05 10:44:36', 'gk9kx'),
(434, 'e24', 'Desnost', '2022-01-05 10:44:36', '4k2o5'),
(435, 'e52', 'Eynde', '2022-01-05 10:44:36', 'i7sn3'),
(436, 'b59', 'Cottin', '2022-01-05 10:44:36', '2hoh9'),
(437, 'f4', 'Gest', '2022-01-05 10:45:08', 'dywvt'),
(438, 'b28', 'Cacheux', '2022-01-05 10:45:08', 'uf7r3'),
(439, 'b4', 'Charoze', '2022-01-05 10:45:08', 'u817o'),
(440, 'a55', 'Bedos', '2022-01-05 10:45:08', 'gmhxd'),
(441, 'b50', 'Clepkens', '2022-01-05 10:45:08', 'bw1us'),
(442, 'e49', 'Duncombe', '2022-01-05 10:45:08', 'qf77j'),
(443, 'e5', 'Enault-Pascreau', '2022-01-05 10:45:08', 'y2qdu'),
(444, 'a17', 'Andre', '2022-01-05 10:45:08', 'oppg5'),
(445, 'b25', 'Bunisset', '2022-01-05 10:45:08', 's1y1r'),
(446, 'b34', 'Cadic', '2022-01-05 10:45:08', '6u8dc'),
(447, 'f39', 'Frémont', '2022-01-05 10:45:08', 'xs5tq'),
(448, 'b19', 'Bunisset', '2022-01-05 10:45:08', '4vbnd'),
(449, 'c14', 'Daburon', '2022-01-05 10:45:08', '7oqpv'),
(450, 'e39', 'Dudouit', '2022-01-05 10:45:08', '44im8'),
(451, 'f21', 'Finck', '2022-01-05 10:45:08', 'mpb3t'),
(452, 'd13', 'Debelle', '2022-01-05 10:45:08', 'nvwqq'),
(453, 'a131', 'Villechalane', '2022-01-05 10:45:08', 'jux7g'),
(454, 'a93', 'Tusseau', '2022-01-05 10:45:08', 'ktp3s'),
(455, 'b16', 'Bioret', '2022-01-05 10:45:08', 'hrjfs'),
(456, 'c54', 'Debelle', '2022-01-05 10:45:08', 'od5rt'),
(457, 'd51', 'Debroise', '2022-01-05 10:45:08', 'sghkb'),
(458, 'e22', 'Desmarquest', '2022-01-05 10:45:08', 'f1fob'),
(459, 'b13', 'Bentot', '2022-01-05 10:45:08', 'doyw1'),
(460, 'c3', 'De', '2022-01-05 10:45:08', 'gk9kx'),
(461, 'e24', 'Desnost', '2022-01-05 10:45:08', '4k2o5'),
(462, 'e52', 'Eynde', '2022-01-05 10:45:08', 'i7sn3'),
(463, 'b59', 'Cottin', '2022-01-05 10:45:08', '2hoh9'),
(464, 'f4', 'Gest', '2022-01-05 10:45:11', 'dywvt'),
(465, 'b28', 'Cacheux', '2022-01-05 10:45:11', 'uf7r3'),
(466, 'b4', 'Charoze', '2022-01-05 10:45:11', 'u817o'),
(467, 'a55', 'Bedos', '2022-01-05 10:45:11', 'gmhxd'),
(468, 'b50', 'Clepkens', '2022-01-05 10:45:11', 'bw1us'),
(469, 'e49', 'Duncombe', '2022-01-05 10:45:11', 'qf77j'),
(470, 'e5', 'Enault-Pascreau', '2022-01-05 10:45:11', 'y2qdu'),
(471, 'a17', 'Andre', '2022-01-05 10:45:11', 'oppg5'),
(472, 'b25', 'Bunisset', '2022-01-05 10:45:11', 's1y1r'),
(473, 'b34', 'Cadic', '2022-01-05 10:45:11', '6u8dc'),
(474, 'f39', 'Frémont', '2022-01-05 10:45:11', 'xs5tq'),
(475, 'b19', 'Bunisset', '2022-01-05 10:45:11', '4vbnd'),
(476, 'c14', 'Daburon', '2022-01-05 10:45:11', '7oqpv'),
(477, 'e39', 'Dudouit', '2022-01-05 10:45:11', '44im8'),
(478, 'f21', 'Finck', '2022-01-05 10:45:11', 'mpb3t'),
(479, 'd13', 'Debelle', '2022-01-05 10:45:11', 'nvwqq'),
(480, 'a131', 'Villechalane', '2022-01-05 10:45:11', 'jux7g'),
(481, 'a93', 'Tusseau', '2022-01-05 10:45:11', 'ktp3s'),
(482, 'b16', 'Bioret', '2022-01-05 10:45:11', 'hrjfs'),
(483, 'c54', 'Debelle', '2022-01-05 10:45:12', 'od5rt'),
(484, 'd51', 'Debroise', '2022-01-05 10:45:12', 'sghkb'),
(485, 'e22', 'Desmarquest', '2022-01-05 10:45:12', 'f1fob'),
(486, 'b13', 'Bentot', '2022-01-05 10:45:12', 'doyw1'),
(487, 'c3', 'De', '2022-01-05 10:45:12', 'gk9kx'),
(488, 'e24', 'Desnost', '2022-01-05 10:45:12', '4k2o5'),
(489, 'e52', 'Eynde', '2022-01-05 10:45:12', 'i7sn3'),
(490, 'b59', 'Cottin', '2022-01-05 10:45:12', '2hoh9'),
(491, 'f4', 'Gest', '2022-01-07 08:05:56', 'dywvt'),
(492, 'b28', 'Cacheux', '2022-01-07 08:05:56', 'uf7r3'),
(493, 'b4', 'Charoze', '2022-01-07 08:05:56', 'u817o'),
(494, 'a55', 'Bedos', '2022-01-07 08:05:56', 'gmhxd'),
(495, 'b50', 'Clepkens', '2022-01-07 08:05:56', 'bw1us'),
(496, 'e49', 'Duncombe', '2022-01-07 08:05:56', 'qf77j'),
(497, 'e5', 'Enault-Pascreau', '2022-01-07 08:05:56', 'y2qdu'),
(498, 'a17', 'Andre', '2022-01-07 08:05:56', 'oppg5'),
(499, 'b25', 'Bunisset', '2022-01-07 08:05:56', 's1y1r'),
(500, 'b34', 'Cadic', '2022-01-07 08:05:56', '6u8dc'),
(501, 'f39', 'Frémont', '2022-01-07 08:05:56', 'xs5tq'),
(502, 'b19', 'Bunisset', '2022-01-07 08:05:56', '4vbnd'),
(503, 'c14', 'Daburon', '2022-01-07 08:05:56', '7oqpv'),
(504, 'e39', 'Dudouit', '2022-01-07 08:05:56', '44im8'),
(505, 'f21', 'Finck', '2022-01-07 08:05:56', 'mpb3t'),
(506, 'd13', 'Debelle', '2022-01-07 08:05:56', 'nvwqq'),
(507, 'a131', 'Villechalane', '2022-01-07 08:05:56', 'jux7g'),
(508, 'a93', 'Tusseau', '2022-01-07 08:05:56', 'ktp3s'),
(509, 'b16', 'Bioret', '2022-01-07 08:05:56', 'hrjfs'),
(510, 'c54', 'Debelle', '2022-01-07 08:05:56', 'od5rt'),
(511, 'd51', 'Debroise', '2022-01-07 08:05:56', 'sghkb'),
(512, 'e22', 'Desmarquest', '2022-01-07 08:05:56', 'f1fob'),
(513, 'b13', 'Bentot', '2022-01-07 08:05:56', 'doyw1'),
(514, 'c3', 'De', '2022-01-07 08:05:56', 'gk9kx'),
(515, 'e24', 'Desnost', '2022-01-07 08:05:56', '4k2o5'),
(516, 'e52', 'Eynde', '2022-01-07 08:05:56', 'i7sn3'),
(517, 'b59', 'Cottin', '2022-01-07 08:05:56', '2hoh9'),
(518, 'f4', 'Gest', '2022-01-07 08:05:58', 'dywvt'),
(519, 'b28', 'Cacheux', '2022-01-07 08:05:58', 'uf7r3'),
(520, 'b4', 'Charoze', '2022-01-07 08:05:58', 'u817o'),
(521, 'a55', 'Bedos', '2022-01-07 08:05:58', 'gmhxd'),
(522, 'b50', 'Clepkens', '2022-01-07 08:05:58', 'bw1us'),
(523, 'e49', 'Duncombe', '2022-01-07 08:05:58', 'qf77j'),
(524, 'e5', 'Enault-Pascreau', '2022-01-07 08:05:58', 'y2qdu'),
(525, 'a17', 'Andre', '2022-01-07 08:05:58', 'oppg5'),
(526, 'b25', 'Bunisset', '2022-01-07 08:05:58', 's1y1r'),
(527, 'b34', 'Cadic', '2022-01-07 08:05:58', '6u8dc'),
(528, 'f39', 'Frémont', '2022-01-07 08:05:58', 'xs5tq'),
(529, 'b19', 'Bunisset', '2022-01-07 08:05:58', '4vbnd'),
(530, 'c14', 'Daburon', '2022-01-07 08:05:58', '7oqpv'),
(531, 'e39', 'Dudouit', '2022-01-07 08:05:58', '44im8'),
(532, 'f21', 'Finck', '2022-01-07 08:05:58', 'mpb3t'),
(533, 'd13', 'Debelle', '2022-01-07 08:05:58', 'nvwqq'),
(534, 'a131', 'Villechalane', '2022-01-07 08:05:58', 'jux7g'),
(535, 'a93', 'Tusseau', '2022-01-07 08:05:58', 'ktp3s'),
(536, 'b16', 'Bioret', '2022-01-07 08:05:58', 'hrjfs'),
(537, 'c54', 'Debelle', '2022-01-07 08:05:59', 'od5rt'),
(538, 'd51', 'Debroise', '2022-01-07 08:05:59', 'sghkb'),
(539, 'e22', 'Desmarquest', '2022-01-07 08:05:59', 'f1fob'),
(540, 'b13', 'Bentot', '2022-01-07 08:05:59', 'doyw1'),
(541, 'c3', 'De', '2022-01-07 08:05:59', 'gk9kx'),
(542, 'e24', 'Desnost', '2022-01-07 08:05:59', '4k2o5'),
(543, 'e52', 'Eynde', '2022-01-07 08:05:59', 'i7sn3'),
(544, 'b59', 'Cottin', '2022-01-07 08:05:59', '2hoh9'),
(545, 'f4', 'Gest', '2022-01-07 10:28:59', 'dywvt'),
(546, 'b28', 'Cacheux', '2022-01-07 10:28:59', 'uf7r3'),
(547, 'b4', 'Charoze', '2022-01-07 10:28:59', 'u817o'),
(548, 'a55', 'Bedos', '2022-01-07 10:28:59', 'gmhxd'),
(549, 'b50', 'Clepkens', '2022-01-07 10:28:59', 'bw1us'),
(550, 'e49', 'Duncombe', '2022-01-07 10:28:59', 'qf77j'),
(551, 'e5', 'Enault-Pascreau', '2022-01-07 10:28:59', 'y2qdu'),
(552, 'a17', 'Andre', '2022-01-07 10:28:59', 'oppg5'),
(553, 'b25', 'Bunisset', '2022-01-07 10:28:59', 's1y1r'),
(554, 'b34', 'Cadic', '2022-01-07 10:28:59', '6u8dc'),
(555, 'f39', 'Frémont', '2022-01-07 10:28:59', 'xs5tq'),
(556, 'b19', 'Bunisset', '2022-01-07 10:28:59', '4vbnd'),
(557, 'c14', 'Daburon', '2022-01-07 10:28:59', '7oqpv'),
(558, 'e39', 'Dudouit', '2022-01-07 10:28:59', '44im8'),
(559, 'f21', 'Finck', '2022-01-07 10:28:59', 'mpb3t'),
(560, 'd13', 'Debelle', '2022-01-07 10:28:59', 'nvwqq'),
(561, 'a131', 'Villechalane', '2022-01-07 10:28:59', 'jux7g'),
(562, 'a93', 'Tusseau', '2022-01-07 10:28:59', 'ktp3s'),
(563, 'b16', 'Bioret', '2022-01-07 10:28:59', 'hrjfs'),
(564, 'c54', 'Debelle', '2022-01-07 10:28:59', 'od5rt'),
(565, 'd51', 'Debroise', '2022-01-07 10:28:59', 'sghkb'),
(566, 'e22', 'Desmarquest', '2022-01-07 10:28:59', 'f1fob'),
(567, 'b13', 'Bentot', '2022-01-07 10:28:59', 'doyw1'),
(568, 'c3', 'De', '2022-01-07 10:28:59', 'gk9kx'),
(569, 'e24', 'Desnost', '2022-01-07 10:28:59', '4k2o5'),
(570, 'e52', 'Eynde', '2022-01-07 10:28:59', 'i7sn3'),
(571, 'b59', 'Cottin', '2022-01-07 10:28:59', '2hoh9'),
(572, 'f4', 'Gest', '2022-01-07 10:29:11', 'dywvt'),
(573, 'b28', 'Cacheux', '2022-01-07 10:29:11', 'uf7r3'),
(574, 'b4', 'Charoze', '2022-01-07 10:29:11', 'u817o'),
(575, 'a55', 'Bedos', '2022-01-07 10:29:11', 'gmhxd'),
(576, 'b50', 'Clepkens', '2022-01-07 10:29:11', 'bw1us'),
(577, 'e49', 'Duncombe', '2022-01-07 10:29:11', 'qf77j'),
(578, 'e5', 'Enault-Pascreau', '2022-01-07 10:29:11', 'y2qdu'),
(579, 'a17', 'Andre', '2022-01-07 10:29:11', 'oppg5'),
(580, 'b25', 'Bunisset', '2022-01-07 10:29:11', 's1y1r'),
(581, 'b34', 'Cadic', '2022-01-07 10:29:11', '6u8dc'),
(582, 'f39', 'Frémont', '2022-01-07 10:29:11', 'xs5tq'),
(583, 'b19', 'Bunisset', '2022-01-07 10:29:11', '4vbnd'),
(584, 'c14', 'Daburon', '2022-01-07 10:29:11', '7oqpv'),
(585, 'e39', 'Dudouit', '2022-01-07 10:29:11', '44im8'),
(586, 'f21', 'Finck', '2022-01-07 10:29:11', 'mpb3t'),
(587, 'd13', 'Debelle', '2022-01-07 10:29:11', 'nvwqq'),
(588, 'a131', 'Villechalane', '2022-01-07 10:29:11', 'jux7g'),
(589, 'a93', 'Tusseau', '2022-01-07 10:29:11', 'ktp3s'),
(590, 'b16', 'Bioret', '2022-01-07 10:29:11', 'hrjfs'),
(591, 'c54', 'Debelle', '2022-01-07 10:29:11', 'od5rt'),
(592, 'd51', 'Debroise', '2022-01-07 10:29:11', 'sghkb'),
(593, 'e22', 'Desmarquest', '2022-01-07 10:29:11', 'f1fob'),
(594, 'b13', 'Bentot', '2022-01-07 10:29:11', 'doyw1'),
(595, 'c3', 'De', '2022-01-07 10:29:11', 'gk9kx'),
(596, 'e24', 'Desnost', '2022-01-07 10:29:11', '4k2o5'),
(597, 'e52', 'Eynde', '2022-01-07 10:29:11', 'i7sn3'),
(598, 'b59', 'Cottin', '2022-01-07 10:29:11', '2hoh9'),
(599, 'f4', 'Gest', '2022-01-07 10:29:13', 'dywvt'),
(600, 'b28', 'Cacheux', '2022-01-07 10:29:13', 'uf7r3'),
(601, 'b4', 'Charoze', '2022-01-07 10:29:13', 'u817o'),
(602, 'a55', 'Bedos', '2022-01-07 10:29:13', 'gmhxd'),
(603, 'b50', 'Clepkens', '2022-01-07 10:29:13', 'bw1us'),
(604, 'e49', 'Duncombe', '2022-01-07 10:29:13', 'qf77j'),
(605, 'e5', 'Enault-Pascreau', '2022-01-07 10:29:13', 'y2qdu'),
(606, 'a17', 'Andre', '2022-01-07 10:29:13', 'oppg5'),
(607, 'b25', 'Bunisset', '2022-01-07 10:29:13', 's1y1r'),
(608, 'b34', 'Cadic', '2022-01-07 10:29:13', '6u8dc'),
(609, 'f39', 'Frémont', '2022-01-07 10:29:13', 'xs5tq'),
(610, 'b19', 'Bunisset', '2022-01-07 10:29:13', '4vbnd'),
(611, 'c14', 'Daburon', '2022-01-07 10:29:13', '7oqpv'),
(612, 'e39', 'Dudouit', '2022-01-07 10:29:13', '44im8'),
(613, 'f21', 'Finck', '2022-01-07 10:29:13', 'mpb3t'),
(614, 'd13', 'Debelle', '2022-01-07 10:29:13', 'nvwqq'),
(615, 'a131', 'Villechalane', '2022-01-07 10:29:13', 'jux7g'),
(616, 'a93', 'Tusseau', '2022-01-07 10:29:13', 'ktp3s'),
(617, 'b16', 'Bioret', '2022-01-07 10:29:13', 'hrjfs'),
(618, 'c54', 'Debelle', '2022-01-07 10:29:13', 'od5rt'),
(619, 'd51', 'Debroise', '2022-01-07 10:29:13', 'sghkb'),
(620, 'e22', 'Desmarquest', '2022-01-07 10:29:13', 'f1fob'),
(621, 'b13', 'Bentot', '2022-01-07 10:29:13', 'doyw1'),
(622, 'c3', 'De', '2022-01-07 10:29:13', 'gk9kx'),
(623, 'e24', 'Desnost', '2022-01-07 10:29:13', '4k2o5'),
(624, 'e52', 'Eynde', '2022-01-07 10:29:13', 'i7sn3'),
(625, 'b59', 'Cottin', '2022-01-07 10:29:13', '2hoh9'),
(626, 'f4', 'Gest', '2022-01-07 10:29:19', 'dywvt'),
(627, 'b28', 'Cacheux', '2022-01-07 10:29:19', 'uf7r3'),
(628, 'b4', 'Charoze', '2022-01-07 10:29:19', 'u817o'),
(629, 'a55', 'Bedos', '2022-01-07 10:29:19', 'gmhxd'),
(630, 'b50', 'Clepkens', '2022-01-07 10:29:19', 'bw1us'),
(631, 'e49', 'Duncombe', '2022-01-07 10:29:19', 'qf77j'),
(632, 'e5', 'Enault-Pascreau', '2022-01-07 10:29:19', 'y2qdu'),
(633, 'a17', 'Andre', '2022-01-07 10:29:19', 'oppg5'),
(634, 'b25', 'Bunisset', '2022-01-07 10:29:19', 's1y1r'),
(635, 'b34', 'Cadic', '2022-01-07 10:29:19', '6u8dc'),
(636, 'f39', 'Frémont', '2022-01-07 10:29:19', 'xs5tq'),
(637, 'b19', 'Bunisset', '2022-01-07 10:29:19', '4vbnd'),
(638, 'c14', 'Daburon', '2022-01-07 10:29:19', '7oqpv'),
(639, 'e39', 'Dudouit', '2022-01-07 10:29:19', '44im8'),
(640, 'f21', 'Finck', '2022-01-07 10:29:19', 'mpb3t'),
(641, 'd13', 'Debelle', '2022-01-07 10:29:19', 'nvwqq'),
(642, 'a131', 'Villechalane', '2022-01-07 10:29:19', 'jux7g'),
(643, 'a93', 'Tusseau', '2022-01-07 10:29:19', 'ktp3s'),
(644, 'b16', 'Bioret', '2022-01-07 10:29:19', 'hrjfs'),
(645, 'c54', 'Debelle', '2022-01-07 10:29:19', 'od5rt'),
(646, 'd51', 'Debroise', '2022-01-07 10:29:19', 'sghkb'),
(647, 'e22', 'Desmarquest', '2022-01-07 10:29:19', 'f1fob'),
(648, 'b13', 'Bentot', '2022-01-07 10:29:19', 'doyw1'),
(649, 'c3', 'De', '2022-01-07 10:29:19', 'gk9kx'),
(650, 'e24', 'Desnost', '2022-01-07 10:29:19', '4k2o5'),
(651, 'e52', 'Eynde', '2022-01-07 10:29:19', 'i7sn3'),
(652, 'b59', 'Cottin', '2022-01-07 10:29:19', '2hoh9'),
(653, 'f4', 'Gest', '2022-01-07 10:29:24', 'dywvt'),
(654, 'b28', 'Cacheux', '2022-01-07 10:29:24', 'uf7r3'),
(655, 'b4', 'Charoze', '2022-01-07 10:29:24', 'u817o'),
(656, 'a55', 'Bedos', '2022-01-07 10:29:24', 'gmhxd'),
(657, 'b50', 'Clepkens', '2022-01-07 10:29:24', 'bw1us'),
(658, 'e49', 'Duncombe', '2022-01-07 10:29:24', 'qf77j'),
(659, 'e5', 'Enault-Pascreau', '2022-01-07 10:29:24', 'y2qdu'),
(660, 'a17', 'Andre', '2022-01-07 10:29:24', 'oppg5'),
(661, 'b25', 'Bunisset', '2022-01-07 10:29:24', 's1y1r'),
(662, 'b34', 'Cadic', '2022-01-07 10:29:24', '6u8dc'),
(663, 'f39', 'Frémont', '2022-01-07 10:29:24', 'xs5tq'),
(664, 'b19', 'Bunisset', '2022-01-07 10:29:24', '4vbnd'),
(665, 'c14', 'Daburon', '2022-01-07 10:29:24', '7oqpv'),
(666, 'e39', 'Dudouit', '2022-01-07 10:29:24', '44im8'),
(667, 'f21', 'Finck', '2022-01-07 10:29:24', 'mpb3t'),
(668, 'd13', 'Debelle', '2022-01-07 10:29:24', 'nvwqq'),
(669, 'a131', 'Villechalane', '2022-01-07 10:29:24', 'jux7g'),
(670, 'a93', 'Tusseau', '2022-01-07 10:29:24', 'ktp3s'),
(671, 'b16', 'Bioret', '2022-01-07 10:29:24', 'hrjfs'),
(672, 'c54', 'Debelle', '2022-01-07 10:29:24', 'od5rt'),
(673, 'd51', 'Debroise', '2022-01-07 10:29:24', 'sghkb'),
(674, 'e22', 'Desmarquest', '2022-01-07 10:29:24', 'f1fob'),
(675, 'b13', 'Bentot', '2022-01-07 10:29:24', 'doyw1'),
(676, 'c3', 'De', '2022-01-07 10:29:24', 'gk9kx'),
(677, 'e24', 'Desnost', '2022-01-07 10:29:24', '4k2o5'),
(678, 'e52', 'Eynde', '2022-01-07 10:29:24', 'i7sn3'),
(679, 'b59', 'Cottin', '2022-01-07 10:29:24', '2hoh9'),
(680, 'f4', 'Gest', '2022-01-07 10:29:44', 'dywvt'),
(681, 'b28', 'Cacheux', '2022-01-07 10:29:44', 'uf7r3'),
(682, 'b4', 'Charoze', '2022-01-07 10:29:44', 'u817o'),
(683, 'a55', 'Bedos', '2022-01-07 10:29:44', 'gmhxd'),
(684, 'b50', 'Clepkens', '2022-01-07 10:29:44', 'bw1us'),
(685, 'e49', 'Duncombe', '2022-01-07 10:29:44', 'qf77j'),
(686, 'e5', 'Enault-Pascreau', '2022-01-07 10:29:44', 'y2qdu'),
(687, 'a17', 'Andre', '2022-01-07 10:29:44', 'oppg5'),
(688, 'b25', 'Bunisset', '2022-01-07 10:29:44', 's1y1r'),
(689, 'b34', 'Cadic', '2022-01-07 10:29:44', '6u8dc'),
(690, 'f39', 'Frémont', '2022-01-07 10:29:44', 'xs5tq'),
(691, 'b19', 'Bunisset', '2022-01-07 10:29:44', '4vbnd'),
(692, 'c14', 'Daburon', '2022-01-07 10:29:45', '7oqpv'),
(693, 'e39', 'Dudouit', '2022-01-07 10:29:45', '44im8'),
(694, 'f21', 'Finck', '2022-01-07 10:29:45', 'mpb3t'),
(695, 'd13', 'Debelle', '2022-01-07 10:29:45', 'nvwqq'),
(696, 'a131', 'Villechalane', '2022-01-07 10:29:45', 'jux7g'),
(697, 'a93', 'Tusseau', '2022-01-07 10:29:45', 'ktp3s'),
(698, 'b16', 'Bioret', '2022-01-07 10:29:45', 'hrjfs'),
(699, 'c54', 'Debelle', '2022-01-07 10:29:45', 'od5rt'),
(700, 'd51', 'Debroise', '2022-01-07 10:29:45', 'sghkb'),
(701, 'e22', 'Desmarquest', '2022-01-07 10:29:45', 'f1fob'),
(702, 'b13', 'Bentot', '2022-01-07 10:29:45', 'doyw1'),
(703, 'c3', 'De', '2022-01-07 10:29:45', 'gk9kx'),
(704, 'e24', 'Desnost', '2022-01-07 10:29:45', '4k2o5'),
(705, 'e52', 'Eynde', '2022-01-07 10:29:45', 'i7sn3'),
(706, 'b59', 'Cottin', '2022-01-07 10:29:45', '2hoh9'),
(707, 'f4', 'Gest', '2022-01-07 10:29:57', 'dywvt'),
(708, 'b28', 'Cacheux', '2022-01-07 10:29:57', 'uf7r3'),
(709, 'b4', 'Charoze', '2022-01-07 10:29:57', 'u817o'),
(710, 'a55', 'Bedos', '2022-01-07 10:29:57', 'gmhxd'),
(711, 'b50', 'Clepkens', '2022-01-07 10:29:57', 'bw1us'),
(712, 'e49', 'Duncombe', '2022-01-07 10:29:57', 'qf77j'),
(713, 'e5', 'Enault-Pascreau', '2022-01-07 10:29:57', 'y2qdu'),
(714, 'a17', 'Andre', '2022-01-07 10:29:57', 'oppg5'),
(715, 'b25', 'Bunisset', '2022-01-07 10:29:57', 's1y1r'),
(716, 'b34', 'Cadic', '2022-01-07 10:29:57', '6u8dc'),
(717, 'f39', 'Frémont', '2022-01-07 10:29:57', 'xs5tq'),
(718, 'b19', 'Bunisset', '2022-01-07 10:29:57', '4vbnd'),
(719, 'c14', 'Daburon', '2022-01-07 10:29:57', '7oqpv'),
(720, 'e39', 'Dudouit', '2022-01-07 10:29:57', '44im8'),
(721, 'f21', 'Finck', '2022-01-07 10:29:57', 'mpb3t'),
(722, 'd13', 'Debelle', '2022-01-07 10:29:57', 'nvwqq'),
(723, 'a131', 'Villechalane', '2022-01-07 10:29:57', 'jux7g'),
(724, 'a93', 'Tusseau', '2022-01-07 10:29:57', 'ktp3s'),
(725, 'b16', 'Bioret', '2022-01-07 10:29:57', 'hrjfs'),
(726, 'c54', 'Debelle', '2022-01-07 10:29:57', 'od5rt'),
(727, 'd51', 'Debroise', '2022-01-07 10:29:57', 'sghkb'),
(728, 'e22', 'Desmarquest', '2022-01-07 10:29:57', 'f1fob'),
(729, 'b13', 'Bentot', '2022-01-07 10:29:57', 'doyw1'),
(730, 'c3', 'De', '2022-01-07 10:29:57', 'gk9kx'),
(731, 'e24', 'Desnost', '2022-01-07 10:29:57', '4k2o5'),
(732, 'e52', 'Eynde', '2022-01-07 10:29:57', 'i7sn3'),
(733, 'b59', 'Cottin', '2022-01-07 10:29:57', '2hoh9'),
(734, 'f4', 'Gest', '2022-01-07 10:29:58', 'dywvt'),
(735, 'b28', 'Cacheux', '2022-01-07 10:29:58', 'uf7r3'),
(736, 'b4', 'Charoze', '2022-01-07 10:29:58', 'u817o'),
(737, 'a55', 'Bedos', '2022-01-07 10:29:58', 'gmhxd'),
(738, 'b50', 'Clepkens', '2022-01-07 10:29:58', 'bw1us'),
(739, 'e49', 'Duncombe', '2022-01-07 10:29:58', 'qf77j'),
(740, 'e5', 'Enault-Pascreau', '2022-01-07 10:29:58', 'y2qdu'),
(741, 'a17', 'Andre', '2022-01-07 10:29:58', 'oppg5'),
(742, 'b25', 'Bunisset', '2022-01-07 10:29:58', 's1y1r'),
(743, 'b34', 'Cadic', '2022-01-07 10:29:58', '6u8dc'),
(744, 'f39', 'Frémont', '2022-01-07 10:29:58', 'xs5tq'),
(745, 'b19', 'Bunisset', '2022-01-07 10:29:58', '4vbnd'),
(746, 'c14', 'Daburon', '2022-01-07 10:29:58', '7oqpv'),
(747, 'e39', 'Dudouit', '2022-01-07 10:29:58', '44im8'),
(748, 'f21', 'Finck', '2022-01-07 10:29:58', 'mpb3t'),
(749, 'd13', 'Debelle', '2022-01-07 10:29:58', 'nvwqq'),
(750, 'a131', 'Villechalane', '2022-01-07 10:29:58', 'jux7g'),
(751, 'a93', 'Tusseau', '2022-01-07 10:29:58', 'ktp3s'),
(752, 'b16', 'Bioret', '2022-01-07 10:29:58', 'hrjfs'),
(753, 'c54', 'Debelle', '2022-01-07 10:29:58', 'od5rt'),
(754, 'd51', 'Debroise', '2022-01-07 10:29:58', 'sghkb'),
(755, 'e22', 'Desmarquest', '2022-01-07 10:29:58', 'f1fob'),
(756, 'b13', 'Bentot', '2022-01-07 10:29:58', 'doyw1'),
(757, 'c3', 'De', '2022-01-07 10:29:58', 'gk9kx'),
(758, 'e24', 'Desnost', '2022-01-07 10:29:58', '4k2o5'),
(759, 'e52', 'Eynde', '2022-01-07 10:29:58', 'i7sn3'),
(760, 'b59', 'Cottin', '2022-01-07 10:29:58', '2hoh9'),
(761, 'f4', 'Gest', '2022-01-07 10:48:15', 'dywvt'),
(762, 'b28', 'Cacheux', '2022-01-07 10:48:15', 'uf7r3'),
(763, 'b4', 'Charoze', '2022-01-07 10:48:15', 'u817o'),
(764, 'a55', 'Bedos', '2022-01-07 10:48:15', 'gmhxd'),
(765, 'b50', 'Clepkens', '2022-01-07 10:48:15', 'bw1us'),
(766, 'e49', 'Duncombe', '2022-01-07 10:48:15', 'qf77j'),
(767, 'e5', 'Enault-Pascreau', '2022-01-07 10:48:15', 'y2qdu'),
(768, 'a17', 'Andre', '2022-01-07 10:48:15', 'oppg5'),
(769, 'b25', 'Bunisset', '2022-01-07 10:48:15', 's1y1r'),
(770, 'b34', 'Cadic', '2022-01-07 10:48:15', '6u8dc'),
(771, 'f39', 'Frémont', '2022-01-07 10:48:15', 'xs5tq'),
(772, 'b19', 'Bunisset', '2022-01-07 10:48:15', '4vbnd'),
(773, 'c14', 'Daburon', '2022-01-07 10:48:15', '7oqpv'),
(774, 'e39', 'Dudouit', '2022-01-07 10:48:15', '44im8'),
(775, 'f21', 'Finck', '2022-01-07 10:48:15', 'mpb3t'),
(776, 'd13', 'Debelle', '2022-01-07 10:48:15', 'nvwqq'),
(777, 'a131', 'Villechalane', '2022-01-07 10:48:15', 'jux7g'),
(778, 'a93', 'Tusseau', '2022-01-07 10:48:15', 'ktp3s'),
(779, 'b16', 'Bioret', '2022-01-07 10:48:15', 'hrjfs'),
(780, 'c54', 'Debelle', '2022-01-07 10:48:15', 'od5rt'),
(781, 'd51', 'Debroise', '2022-01-07 10:48:15', 'sghkb'),
(782, 'e22', 'Desmarquest', '2022-01-07 10:48:15', 'f1fob'),
(783, 'b13', 'Bentot', '2022-01-07 10:48:15', 'doyw1'),
(784, 'c3', 'De', '2022-01-07 10:48:15', 'gk9kx'),
(785, 'e24', 'Desnost', '2022-01-07 10:48:15', '4k2o5'),
(786, 'e52', 'Eynde', '2022-01-07 10:48:15', 'i7sn3'),
(787, 'b59', 'Cottin', '2022-01-07 10:48:15', '2hoh9'),
(788, 'f4', 'Gest', '2022-01-07 10:48:17', 'dywvt'),
(789, 'b28', 'Cacheux', '2022-01-07 10:48:17', 'uf7r3'),
(790, 'b4', 'Charoze', '2022-01-07 10:48:17', 'u817o'),
(791, 'a55', 'Bedos', '2022-01-07 10:48:17', 'gmhxd'),
(792, 'b50', 'Clepkens', '2022-01-07 10:48:17', 'bw1us'),
(793, 'e49', 'Duncombe', '2022-01-07 10:48:17', 'qf77j'),
(794, 'e5', 'Enault-Pascreau', '2022-01-07 10:48:17', 'y2qdu'),
(795, 'a17', 'Andre', '2022-01-07 10:48:17', 'oppg5'),
(796, 'b25', 'Bunisset', '2022-01-07 10:48:17', 's1y1r'),
(797, 'b34', 'Cadic', '2022-01-07 10:48:17', '6u8dc'),
(798, 'f39', 'Frémont', '2022-01-07 10:48:17', 'xs5tq'),
(799, 'b19', 'Bunisset', '2022-01-07 10:48:17', '4vbnd'),
(800, 'c14', 'Daburon', '2022-01-07 10:48:17', '7oqpv'),
(801, 'e39', 'Dudouit', '2022-01-07 10:48:17', '44im8'),
(802, 'f21', 'Finck', '2022-01-07 10:48:17', 'mpb3t'),
(803, 'd13', 'Debelle', '2022-01-07 10:48:17', 'nvwqq'),
(804, 'a131', 'Villechalane', '2022-01-07 10:48:17', 'jux7g'),
(805, 'a93', 'Tusseau', '2022-01-07 10:48:17', 'ktp3s'),
(806, 'b16', 'Bioret', '2022-01-07 10:48:17', 'hrjfs'),
(807, 'c54', 'Debelle', '2022-01-07 10:48:17', 'od5rt'),
(808, 'd51', 'Debroise', '2022-01-07 10:48:17', 'sghkb'),
(809, 'e22', 'Desmarquest', '2022-01-07 10:48:17', 'f1fob'),
(810, 'b13', 'Bentot', '2022-01-07 10:48:17', 'doyw1'),
(811, 'c3', 'De', '2022-01-07 10:48:17', 'gk9kx'),
(812, 'e24', 'Desnost', '2022-01-07 10:48:17', '4k2o5'),
(813, 'e52', 'Eynde', '2022-01-07 10:48:17', 'i7sn3'),
(814, 'b59', 'Cottin', '2022-01-07 10:48:17', '2hoh9'),
(815, 'f4', 'Gest', '2022-01-07 14:38:21', 'dywvt'),
(816, 'b28', 'Cacheux', '2022-01-07 14:38:21', 'uf7r3'),
(817, 'b4', 'Charoze', '2022-01-07 14:38:21', 'u817o'),
(818, 'a55', 'Bedos', '2022-01-07 14:38:21', 'gmhxd'),
(819, 'b50', 'Clepkens', '2022-01-07 14:38:21', 'bw1us'),
(820, 'e49', 'Duncombe', '2022-01-07 14:38:21', 'qf77j'),
(821, 'e5', 'Enault-Pascreau', '2022-01-07 14:38:21', 'y2qdu'),
(822, 'a17', 'Andre', '2022-01-07 14:38:21', 'oppg5'),
(823, 'b25', 'Bunisset', '2022-01-07 14:38:21', 's1y1r'),
(824, 'b34', 'Cadic', '2022-01-07 14:38:21', '6u8dc'),
(825, 'f39', 'Frémont', '2022-01-07 14:38:21', 'xs5tq'),
(826, 'b19', 'Bunisset', '2022-01-07 14:38:21', '4vbnd'),
(827, 'c14', 'Daburon', '2022-01-07 14:38:21', '7oqpv'),
(828, 'e39', 'Dudouit', '2022-01-07 14:38:21', '44im8'),
(829, 'f21', 'Finck', '2022-01-07 14:38:21', 'mpb3t'),
(830, 'd13', 'Debelle', '2022-01-07 14:38:21', 'nvwqq'),
(831, 'a131', 'Villechalane', '2022-01-07 14:38:21', 'jux7g'),
(832, 'a93', 'Tusseau', '2022-01-07 14:38:21', 'ktp3s'),
(833, 'b16', 'Bioret', '2022-01-07 14:38:21', 'hrjfs'),
(834, 'c54', 'Debelle', '2022-01-07 14:38:21', 'od5rt'),
(835, 'd51', 'Debroise', '2022-01-07 14:38:21', 'sghkb'),
(836, 'e22', 'Desmarquest', '2022-01-07 14:38:21', 'f1fob'),
(837, 'b13', 'Bentot', '2022-01-07 14:38:21', 'doyw1'),
(838, 'c3', 'De', '2022-01-07 14:38:21', 'gk9kx'),
(839, 'e24', 'Desnost', '2022-01-07 14:38:21', '4k2o5'),
(840, 'e52', 'Eynde', '2022-01-07 14:38:21', 'i7sn3'),
(841, 'b59', 'Cottin', '2022-01-07 14:38:21', '2hoh9'),
(842, 'f4', 'Gest', '2022-01-07 14:38:22', 'dywvt'),
(843, 'b28', 'Cacheux', '2022-01-07 14:38:22', 'uf7r3'),
(844, 'b4', 'Charoze', '2022-01-07 14:38:22', 'u817o'),
(845, 'a55', 'Bedos', '2022-01-07 14:38:22', 'gmhxd'),
(846, 'b50', 'Clepkens', '2022-01-07 14:38:22', 'bw1us'),
(847, 'e49', 'Duncombe', '2022-01-07 14:38:22', 'qf77j'),
(848, 'e5', 'Enault-Pascreau', '2022-01-07 14:38:22', 'y2qdu'),
(849, 'a17', 'Andre', '2022-01-07 14:38:22', 'oppg5'),
(850, 'b25', 'Bunisset', '2022-01-07 14:38:22', 's1y1r'),
(851, 'b34', 'Cadic', '2022-01-07 14:38:22', '6u8dc'),
(852, 'f39', 'Frémont', '2022-01-07 14:38:22', 'xs5tq'),
(853, 'b19', 'Bunisset', '2022-01-07 14:38:22', '4vbnd'),
(854, 'c14', 'Daburon', '2022-01-07 14:38:22', '7oqpv'),
(855, 'e39', 'Dudouit', '2022-01-07 14:38:22', '44im8'),
(856, 'f21', 'Finck', '2022-01-07 14:38:22', 'mpb3t'),
(857, 'd13', 'Debelle', '2022-01-07 14:38:22', 'nvwqq'),
(858, 'a131', 'Villechalane', '2022-01-07 14:38:22', 'jux7g'),
(859, 'a93', 'Tusseau', '2022-01-07 14:38:22', 'ktp3s'),
(860, 'b16', 'Bioret', '2022-01-07 14:38:22', 'hrjfs'),
(861, 'c54', 'Debelle', '2022-01-07 14:38:22', 'od5rt'),
(862, 'd51', 'Debroise', '2022-01-07 14:38:22', 'sghkb'),
(863, 'e22', 'Desmarquest', '2022-01-07 14:38:22', 'f1fob'),
(864, 'b13', 'Bentot', '2022-01-07 14:38:22', 'doyw1'),
(865, 'c3', 'De', '2022-01-07 14:38:22', 'gk9kx'),
(866, 'e24', 'Desnost', '2022-01-07 14:38:22', '4k2o5'),
(867, 'e52', 'Eynde', '2022-01-07 14:38:23', 'i7sn3'),
(868, 'b59', 'Cottin', '2022-01-07 14:38:23', '2hoh9'),
(869, 'f4', 'Gest', '2022-01-10 09:11:12', 'dywvt'),
(870, 'b28', 'Cacheux', '2022-01-10 09:11:12', 'uf7r3'),
(871, 'b4', 'Charoze', '2022-01-10 09:11:12', 'u817o'),
(872, 'a55', 'Bedos', '2022-01-10 09:11:12', 'gmhxd'),
(873, 'b50', 'Clepkens', '2022-01-10 09:11:12', 'bw1us'),
(874, 'e49', 'Duncombe', '2022-01-10 09:11:12', 'qf77j'),
(875, 'e5', 'Enault-Pascreau', '2022-01-10 09:11:12', 'y2qdu'),
(876, 'a17', 'Andre', '2022-01-10 09:11:12', 'oppg5'),
(877, 'b25', 'Bunisset', '2022-01-10 09:11:12', 's1y1r'),
(878, 'b34', 'Cadic', '2022-01-10 09:11:12', '6u8dc'),
(879, 'f39', 'Frémont', '2022-01-10 09:11:12', 'xs5tq'),
(880, 'b19', 'Bunisset', '2022-01-10 09:11:12', '4vbnd'),
(881, 'c14', 'Daburon', '2022-01-10 09:11:12', '7oqpv'),
(882, 'e39', 'Dudouit', '2022-01-10 09:11:13', '44im8'),
(883, 'f21', 'Finck', '2022-01-10 09:11:13', 'mpb3t'),
(884, 'd13', 'Debelle', '2022-01-10 09:11:13', 'nvwqq'),
(885, 'a131', 'Villechalane', '2022-01-10 09:11:13', 'jux7g'),
(886, 'a93', 'Tusseau', '2022-01-10 09:11:13', 'ktp3s'),
(887, 'b16', 'Bioret', '2022-01-10 09:11:13', 'hrjfs'),
(888, 'c54', 'Debelle', '2022-01-10 09:11:13', 'od5rt'),
(889, 'd51', 'Debroise', '2022-01-10 09:11:13', 'sghkb'),
(890, 'e22', 'Desmarquest', '2022-01-10 09:11:13', 'f1fob'),
(891, 'b13', 'Bentot', '2022-01-10 09:11:13', 'doyw1'),
(892, 'c3', 'De', '2022-01-10 09:11:13', 'gk9kx'),
(893, 'e24', 'Desnost', '2022-01-10 09:11:13', '4k2o5'),
(894, 'e52', 'Eynde', '2022-01-10 09:11:13', 'i7sn3'),
(895, 'b59', 'Cottin', '2022-01-10 09:11:13', '2hoh9'),
(896, 'f4', 'Gest', '2022-01-10 09:11:14', 'dywvt'),
(897, 'b28', 'Cacheux', '2022-01-10 09:11:14', 'uf7r3'),
(898, 'b4', 'Charoze', '2022-01-10 09:11:14', 'u817o'),
(899, 'a55', 'Bedos', '2022-01-10 09:11:14', 'gmhxd'),
(900, 'b50', 'Clepkens', '2022-01-10 09:11:14', 'bw1us'),
(901, 'e49', 'Duncombe', '2022-01-10 09:11:14', 'qf77j'),
(902, 'e5', 'Enault-Pascreau', '2022-01-10 09:11:14', 'y2qdu'),
(903, 'a17', 'Andre', '2022-01-10 09:11:14', 'oppg5'),
(904, 'b25', 'Bunisset', '2022-01-10 09:11:14', 's1y1r'),
(905, 'b34', 'Cadic', '2022-01-10 09:11:14', '6u8dc'),
(906, 'f39', 'Frémont', '2022-01-10 09:11:14', 'xs5tq'),
(907, 'b19', 'Bunisset', '2022-01-10 09:11:14', '4vbnd'),
(908, 'c14', 'Daburon', '2022-01-10 09:11:14', '7oqpv'),
(909, 'e39', 'Dudouit', '2022-01-10 09:11:14', '44im8'),
(910, 'f21', 'Finck', '2022-01-10 09:11:14', 'mpb3t');
INSERT INTO `hist_mpd_employe` (`id`, `idVisiteur`, `nom`, `changedat`, `mdp_ancien`) VALUES
(911, 'd13', 'Debelle', '2022-01-10 09:11:14', 'nvwqq'),
(912, 'a131', 'Villechalane', '2022-01-10 09:11:14', 'jux7g'),
(913, 'a93', 'Tusseau', '2022-01-10 09:11:14', 'ktp3s'),
(914, 'b16', 'Bioret', '2022-01-10 09:11:14', 'hrjfs'),
(915, 'c54', 'Debelle', '2022-01-10 09:11:14', 'od5rt'),
(916, 'd51', 'Debroise', '2022-01-10 09:11:14', 'sghkb'),
(917, 'e22', 'Desmarquest', '2022-01-10 09:11:14', 'f1fob'),
(918, 'b13', 'Bentot', '2022-01-10 09:11:14', 'doyw1'),
(919, 'c3', 'De', '2022-01-10 09:11:14', 'gk9kx'),
(920, 'e24', 'Desnost', '2022-01-10 09:11:14', '4k2o5'),
(921, 'e52', 'Eynde', '2022-01-10 09:11:14', 'i7sn3'),
(922, 'b59', 'Cottin', '2022-01-10 09:11:14', '2hoh9'),
(923, 'f4', 'Gest', '2022-01-10 09:15:35', 'dywvt'),
(924, 'b28', 'Cacheux', '2022-01-10 09:15:35', 'uf7r3'),
(925, 'b4', 'Charoze', '2022-01-10 09:15:35', 'u817o'),
(926, 'a55', 'Bedos', '2022-01-10 09:15:35', 'gmhxd'),
(927, 'b50', 'Clepkens', '2022-01-10 09:15:35', 'bw1us'),
(928, 'e49', 'Duncombe', '2022-01-10 09:15:35', 'qf77j'),
(929, 'e5', 'Enault-Pascreau', '2022-01-10 09:15:35', 'y2qdu'),
(930, 'a17', 'Andre', '2022-01-10 09:15:35', 'oppg5'),
(931, 'b25', 'Bunisset', '2022-01-10 09:15:35', 's1y1r'),
(932, 'b34', 'Cadic', '2022-01-10 09:15:35', '6u8dc'),
(933, 'f39', 'Frémont', '2022-01-10 09:15:35', 'xs5tq'),
(934, 'b19', 'Bunisset', '2022-01-10 09:15:35', '4vbnd'),
(935, 'c14', 'Daburon', '2022-01-10 09:15:35', '7oqpv'),
(936, 'e39', 'Dudouit', '2022-01-10 09:15:35', '44im8'),
(937, 'f21', 'Finck', '2022-01-10 09:15:35', 'mpb3t'),
(938, 'd13', 'Debelle', '2022-01-10 09:15:35', 'nvwqq'),
(939, 'a131', 'Villechalane', '2022-01-10 09:15:35', 'jux7g'),
(940, 'a93', 'Tusseau', '2022-01-10 09:15:35', 'ktp3s'),
(941, 'b16', 'Bioret', '2022-01-10 09:15:35', 'hrjfs'),
(942, 'c54', 'Debelle', '2022-01-10 09:15:35', 'od5rt'),
(943, 'd51', 'Debroise', '2022-01-10 09:15:35', 'sghkb'),
(944, 'e22', 'Desmarquest', '2022-01-10 09:15:35', 'f1fob'),
(945, 'b13', 'Bentot', '2022-01-10 09:15:35', 'doyw1'),
(946, 'c3', 'De', '2022-01-10 09:15:35', 'gk9kx'),
(947, 'e24', 'Desnost', '2022-01-10 09:15:35', '4k2o5'),
(948, 'e52', 'Eynde', '2022-01-10 09:15:35', 'i7sn3'),
(949, 'b59', 'Cottin', '2022-01-10 09:15:35', '2hoh9'),
(950, 'f4', 'Gest', '2022-01-10 09:15:36', 'dywvt'),
(951, 'b28', 'Cacheux', '2022-01-10 09:15:36', 'uf7r3'),
(952, 'b4', 'Charoze', '2022-01-10 09:15:36', 'u817o'),
(953, 'a55', 'Bedos', '2022-01-10 09:15:36', 'gmhxd'),
(954, 'b50', 'Clepkens', '2022-01-10 09:15:36', 'bw1us'),
(955, 'e49', 'Duncombe', '2022-01-10 09:15:36', 'qf77j'),
(956, 'e5', 'Enault-Pascreau', '2022-01-10 09:15:36', 'y2qdu'),
(957, 'a17', 'Andre', '2022-01-10 09:15:36', 'oppg5'),
(958, 'b25', 'Bunisset', '2022-01-10 09:15:36', 's1y1r'),
(959, 'b34', 'Cadic', '2022-01-10 09:15:36', '6u8dc'),
(960, 'f39', 'Frémont', '2022-01-10 09:15:36', 'xs5tq'),
(961, 'b19', 'Bunisset', '2022-01-10 09:15:36', '4vbnd'),
(962, 'c14', 'Daburon', '2022-01-10 09:15:36', '7oqpv'),
(963, 'e39', 'Dudouit', '2022-01-10 09:15:36', '44im8'),
(964, 'f21', 'Finck', '2022-01-10 09:15:36', 'mpb3t'),
(965, 'd13', 'Debelle', '2022-01-10 09:15:36', 'nvwqq'),
(966, 'a131', 'Villechalane', '2022-01-10 09:15:36', 'jux7g'),
(967, 'a93', 'Tusseau', '2022-01-10 09:15:36', 'ktp3s'),
(968, 'b16', 'Bioret', '2022-01-10 09:15:36', 'hrjfs'),
(969, 'c54', 'Debelle', '2022-01-10 09:15:36', 'od5rt'),
(970, 'd51', 'Debroise', '2022-01-10 09:15:36', 'sghkb'),
(971, 'e22', 'Desmarquest', '2022-01-10 09:15:36', 'f1fob'),
(972, 'b13', 'Bentot', '2022-01-10 09:15:36', 'doyw1'),
(973, 'c3', 'De', '2022-01-10 09:15:36', 'gk9kx'),
(974, 'e24', 'Desnost', '2022-01-10 09:15:36', '4k2o5'),
(975, 'e52', 'Eynde', '2022-01-10 09:15:36', 'i7sn3'),
(976, 'b59', 'Cottin', '2022-01-10 09:15:36', '2hoh9'),
(977, 'f4', 'Gest', '2022-01-10 09:35:22', 'dywvt'),
(978, 'b28', 'Cacheux', '2022-01-10 09:35:22', 'uf7r3'),
(979, 'b4', 'Charoze', '2022-01-10 09:35:22', 'u817o'),
(980, 'a55', 'Bedos', '2022-01-10 09:35:22', 'gmhxd'),
(981, 'b50', 'Clepkens', '2022-01-10 09:35:22', 'bw1us'),
(982, 'e49', 'Duncombe', '2022-01-10 09:35:22', 'qf77j'),
(983, 'e5', 'Enault-Pascreau', '2022-01-10 09:35:22', 'y2qdu'),
(984, 'a17', 'Andre', '2022-01-10 09:35:22', 'oppg5'),
(985, 'b25', 'Bunisset', '2022-01-10 09:35:22', 's1y1r'),
(986, 'b34', 'Cadic', '2022-01-10 09:35:22', '6u8dc'),
(987, 'f39', 'Frémont', '2022-01-10 09:35:22', 'xs5tq'),
(988, 'b19', 'Bunisset', '2022-01-10 09:35:22', '4vbnd'),
(989, 'c14', 'Daburon', '2022-01-10 09:35:22', '7oqpv'),
(990, 'e39', 'Dudouit', '2022-01-10 09:35:22', '44im8'),
(991, 'f21', 'Finck', '2022-01-10 09:35:22', 'mpb3t'),
(992, 'd13', 'Debelle', '2022-01-10 09:35:22', 'nvwqq'),
(993, 'a131', 'Villechalane', '2022-01-10 09:35:22', 'jux7g'),
(994, 'a93', 'Tusseau', '2022-01-10 09:35:22', 'ktp3s'),
(995, 'b16', 'Bioret', '2022-01-10 09:35:22', 'hrjfs'),
(996, 'c54', 'Debelle', '2022-01-10 09:35:22', 'od5rt'),
(997, 'd51', 'Debroise', '2022-01-10 09:35:22', 'sghkb'),
(998, 'e22', 'Desmarquest', '2022-01-10 09:35:22', 'f1fob'),
(999, 'b13', 'Bentot', '2022-01-10 09:35:22', 'doyw1'),
(1000, 'c3', 'De', '2022-01-10 09:35:23', 'gk9kx'),
(1001, 'e24', 'Desnost', '2022-01-10 09:35:23', '4k2o5'),
(1002, 'e52', 'Eynde', '2022-01-10 09:35:23', 'i7sn3'),
(1003, 'b59', 'Cottin', '2022-01-10 09:35:23', '2hoh9'),
(1004, 'f4', 'Gest', '2022-01-10 09:35:33', 'dywvt'),
(1005, 'b28', 'Cacheux', '2022-01-10 09:35:33', 'uf7r3'),
(1006, 'b4', 'Charoze', '2022-01-10 09:35:33', 'u817o'),
(1007, 'a55', 'Bedos', '2022-01-10 09:35:33', 'gmhxd'),
(1008, 'b50', 'Clepkens', '2022-01-10 09:35:33', 'bw1us'),
(1009, 'e49', 'Duncombe', '2022-01-10 09:35:33', 'qf77j'),
(1010, 'e5', 'Enault-Pascreau', '2022-01-10 09:35:33', 'y2qdu'),
(1011, 'a17', 'Andre', '2022-01-10 09:35:33', 'oppg5'),
(1012, 'b25', 'Bunisset', '2022-01-10 09:35:33', 's1y1r'),
(1013, 'b34', 'Cadic', '2022-01-10 09:35:33', '6u8dc'),
(1014, 'f39', 'Frémont', '2022-01-10 09:35:33', 'xs5tq'),
(1015, 'b19', 'Bunisset', '2022-01-10 09:35:33', '4vbnd'),
(1016, 'c14', 'Daburon', '2022-01-10 09:35:33', '7oqpv'),
(1017, 'e39', 'Dudouit', '2022-01-10 09:35:33', '44im8'),
(1018, 'f21', 'Finck', '2022-01-10 09:35:33', 'mpb3t'),
(1019, 'd13', 'Debelle', '2022-01-10 09:35:33', 'nvwqq'),
(1020, 'a131', 'Villechalane', '2022-01-10 09:35:33', 'jux7g'),
(1021, 'a93', 'Tusseau', '2022-01-10 09:35:33', 'ktp3s'),
(1022, 'b16', 'Bioret', '2022-01-10 09:35:33', 'hrjfs'),
(1023, 'c54', 'Debelle', '2022-01-10 09:35:33', 'od5rt'),
(1024, 'd51', 'Debroise', '2022-01-10 09:35:33', 'sghkb'),
(1025, 'e22', 'Desmarquest', '2022-01-10 09:35:33', 'f1fob'),
(1026, 'b13', 'Bentot', '2022-01-10 09:35:33', 'doyw1'),
(1027, 'c3', 'De', '2022-01-10 09:35:33', 'gk9kx'),
(1028, 'e24', 'Desnost', '2022-01-10 09:35:33', '4k2o5'),
(1029, 'e52', 'Eynde', '2022-01-10 09:35:33', 'i7sn3'),
(1030, 'b59', 'Cottin', '2022-01-10 09:35:33', '2hoh9'),
(1031, 'f4', 'Gest', '2022-03-02 11:01:14', 'dywvt'),
(1032, 'b28', 'Cacheux', '2022-03-02 11:01:14', 'uf7r3'),
(1033, 'b4', 'Charoze', '2022-03-02 11:01:14', 'u817o'),
(1034, 'a55', 'Bedos', '2022-03-02 11:01:14', 'gmhxd'),
(1035, 'b50', 'Clepkens', '2022-03-02 11:01:14', 'bw1us'),
(1036, 'e49', 'Duncombe', '2022-03-02 11:01:14', 'qf77j'),
(1037, 'e5', 'Enault-Pascreau', '2022-03-02 11:01:14', 'y2qdu'),
(1038, 'a17', 'Andre', '2022-03-02 11:01:14', 'oppg5'),
(1039, 'b25', 'Bunisset', '2022-03-02 11:01:14', 's1y1r'),
(1040, 'b34', 'Cadic', '2022-03-02 11:01:14', '6u8dc'),
(1041, 'f39', 'Frémont', '2022-03-02 11:01:14', 'xs5tq'),
(1042, 'b19', 'Bunisset', '2022-03-02 11:01:14', '4vbnd'),
(1043, 'c14', 'Daburon', '2022-03-02 11:01:14', '7oqpv'),
(1044, 'e39', 'Dudouit', '2022-03-02 11:01:14', '44im8'),
(1045, 'f21', 'Finck', '2022-03-02 11:01:14', 'mpb3t'),
(1046, 'd13', 'Debelle', '2022-03-02 11:01:14', 'nvwqq'),
(1047, 'a131', 'Villechalane', '2022-03-02 11:01:14', 'jux7g'),
(1048, 'a93', 'Tusseau', '2022-03-02 11:01:14', 'ktp3s'),
(1049, 'b16', 'Bioret', '2022-03-02 11:01:14', 'hrjfs'),
(1050, 'c54', 'Debelle', '2022-03-02 11:01:14', 'od5rt'),
(1051, 'd51', 'Debroise', '2022-03-02 11:01:14', 'sghkb'),
(1052, 'e22', 'Desmarquest', '2022-03-02 11:01:14', 'f1fob'),
(1053, 'b13', 'Bentot', '2022-03-02 11:01:14', 'doyw1'),
(1054, 'c3', 'De', '2022-03-02 11:01:14', 'gk9kx'),
(1055, 'e24', 'Desnost', '2022-03-02 11:01:14', '4k2o5'),
(1056, 'e52', 'Eynde', '2022-03-02 11:01:14', 'i7sn3'),
(1057, 'b59', 'Cottin', '2022-03-02 11:01:14', '2hoh9'),
(1058, 'f4', 'Gest', '2022-03-02 11:01:15', 'dywvt'),
(1059, 'b28', 'Cacheux', '2022-03-02 11:01:15', 'uf7r3'),
(1060, 'b4', 'Charoze', '2022-03-02 11:01:15', 'u817o'),
(1061, 'a55', 'Bedos', '2022-03-02 11:01:15', 'gmhxd'),
(1062, 'b50', 'Clepkens', '2022-03-02 11:01:15', 'bw1us'),
(1063, 'e49', 'Duncombe', '2022-03-02 11:01:15', 'qf77j'),
(1064, 'e5', 'Enault-Pascreau', '2022-03-02 11:01:15', 'y2qdu'),
(1065, 'a17', 'Andre', '2022-03-02 11:01:15', 'oppg5'),
(1066, 'b25', 'Bunisset', '2022-03-02 11:01:15', 's1y1r'),
(1067, 'b34', 'Cadic', '2022-03-02 11:01:15', '6u8dc'),
(1068, 'f39', 'Frémont', '2022-03-02 11:01:15', 'xs5tq'),
(1069, 'b19', 'Bunisset', '2022-03-02 11:01:15', '4vbnd'),
(1070, 'c14', 'Daburon', '2022-03-02 11:01:15', '7oqpv'),
(1071, 'e39', 'Dudouit', '2022-03-02 11:01:15', '44im8'),
(1072, 'f21', 'Finck', '2022-03-02 11:01:15', 'mpb3t'),
(1073, 'd13', 'Debelle', '2022-03-02 11:01:16', 'nvwqq'),
(1074, 'a131', 'Villechalane', '2022-03-02 11:01:16', 'jux7g'),
(1075, 'a93', 'Tusseau', '2022-03-02 11:01:16', 'ktp3s'),
(1076, 'b16', 'Bioret', '2022-03-02 11:01:16', 'hrjfs'),
(1077, 'c54', 'Debelle', '2022-03-02 11:01:16', 'od5rt'),
(1078, 'd51', 'Debroise', '2022-03-02 11:01:16', 'sghkb'),
(1079, 'e22', 'Desmarquest', '2022-03-02 11:01:16', 'f1fob'),
(1080, 'b13', 'Bentot', '2022-03-02 11:01:16', 'doyw1'),
(1081, 'c3', 'De', '2022-03-02 11:01:16', 'gk9kx'),
(1082, 'e24', 'Desnost', '2022-03-02 11:01:16', '4k2o5'),
(1083, 'e52', 'Eynde', '2022-03-02 11:01:16', 'i7sn3'),
(1084, 'b59', 'Cottin', '2022-03-02 11:01:16', '2hoh9'),
(1085, 'f4', 'Gest', '2022-03-10 15:22:57', 'dywvt'),
(1086, 'b28', 'Cacheux', '2022-03-10 15:22:57', 'uf7r3'),
(1087, 'b4', 'Charoze', '2022-03-10 15:22:57', 'u817o'),
(1088, 'a55', 'Bedos', '2022-03-10 15:22:57', 'gmhxd'),
(1089, 'b50', 'Clepkens', '2022-03-10 15:22:57', 'bw1us'),
(1090, 'e49', 'Duncombe', '2022-03-10 15:22:57', 'qf77j'),
(1091, 'e5', 'Enault-Pascreau', '2022-03-10 15:22:57', 'y2qdu'),
(1092, 'a17', 'Andre', '2022-03-10 15:22:57', 'oppg5'),
(1093, 'b25', 'Bunisset', '2022-03-10 15:22:57', 's1y1r'),
(1094, 'b34', 'Cadic', '2022-03-10 15:22:57', '6u8dc'),
(1095, 'f39', 'Frémont', '2022-03-10 15:22:57', 'xs5tq'),
(1096, 'b19', 'Bunisset', '2022-03-10 15:22:57', '4vbnd'),
(1097, 'c14', 'Daburon', '2022-03-10 15:22:57', '7oqpv'),
(1098, 'e39', 'Dudouit', '2022-03-10 15:22:57', '44im8'),
(1099, 'f21', 'Finck', '2022-03-10 15:22:57', 'mpb3t'),
(1100, 'd13', 'Debelle', '2022-03-10 15:22:57', 'nvwqq'),
(1101, 'a131', 'Villechalane', '2022-03-10 15:22:57', 'jux7g'),
(1102, 'a93', 'Tusseau', '2022-03-10 15:22:57', 'ktp3s'),
(1103, 'b16', 'Bioret', '2022-03-10 15:22:57', 'hrjfs'),
(1104, 'c54', 'Debelle', '2022-03-10 15:22:57', 'od5rt'),
(1105, 'd51', 'Debroise', '2022-03-10 15:22:57', 'sghkb'),
(1106, 'e22', 'Desmarquest', '2022-03-10 15:22:57', 'f1fob'),
(1107, 'b13', 'Bentot', '2022-03-10 15:22:57', 'doyw1'),
(1108, 'c3', 'De', '2022-03-10 15:22:57', 'gk9kx'),
(1109, 'e24', 'Desnost', '2022-03-10 15:22:57', '4k2o5'),
(1110, 'e52', 'Eynde', '2022-03-10 15:22:57', 'i7sn3'),
(1111, 'b59', 'Cottin', '2022-03-10 15:22:57', '2hoh9'),
(1112, 'f4', 'Gest', '2022-03-10 15:22:58', 'dywvt'),
(1113, 'b28', 'Cacheux', '2022-03-10 15:22:58', 'uf7r3'),
(1114, 'b4', 'Charoze', '2022-03-10 15:22:58', 'u817o'),
(1115, 'a55', 'Bedos', '2022-03-10 15:22:58', 'gmhxd'),
(1116, 'b50', 'Clepkens', '2022-03-10 15:22:58', 'bw1us'),
(1117, 'e49', 'Duncombe', '2022-03-10 15:22:58', 'qf77j'),
(1118, 'e5', 'Enault-Pascreau', '2022-03-10 15:22:58', 'y2qdu'),
(1119, 'a17', 'Andre', '2022-03-10 15:22:58', 'oppg5'),
(1120, 'b25', 'Bunisset', '2022-03-10 15:22:58', 's1y1r'),
(1121, 'b34', 'Cadic', '2022-03-10 15:22:58', '6u8dc'),
(1122, 'f39', 'Frémont', '2022-03-10 15:22:58', 'xs5tq'),
(1123, 'b19', 'Bunisset', '2022-03-10 15:22:58', '4vbnd'),
(1124, 'c14', 'Daburon', '2022-03-10 15:22:58', '7oqpv'),
(1125, 'e39', 'Dudouit', '2022-03-10 15:22:58', '44im8'),
(1126, 'f21', 'Finck', '2022-03-10 15:22:58', 'mpb3t'),
(1127, 'd13', 'Debelle', '2022-03-10 15:22:58', 'nvwqq'),
(1128, 'a131', 'Villechalane', '2022-03-10 15:22:58', 'jux7g'),
(1129, 'a93', 'Tusseau', '2022-03-10 15:22:58', 'ktp3s'),
(1130, 'b16', 'Bioret', '2022-03-10 15:22:58', 'hrjfs'),
(1131, 'c54', 'Debelle', '2022-03-10 15:22:58', 'od5rt'),
(1132, 'd51', 'Debroise', '2022-03-10 15:22:58', 'sghkb'),
(1133, 'e22', 'Desmarquest', '2022-03-10 15:22:58', 'f1fob'),
(1134, 'b13', 'Bentot', '2022-03-10 15:22:58', 'doyw1'),
(1135, 'c3', 'De', '2022-03-10 15:22:58', 'gk9kx'),
(1136, 'e24', 'Desnost', '2022-03-10 15:22:58', '4k2o5'),
(1137, 'e52', 'Eynde', '2022-03-10 15:22:58', 'i7sn3'),
(1138, 'b59', 'Cottin', '2022-03-10 15:22:58', '2hoh9'),
(1139, 'f4', 'Gest', '2022-03-11 09:29:09', 'dywvt'),
(1140, 'b28', 'Cacheux', '2022-03-11 09:29:09', 'uf7r3'),
(1141, 'b4', 'Charoze', '2022-03-11 09:29:09', 'u817o'),
(1142, 'a55', 'Bedos', '2022-03-11 09:29:09', 'gmhxd'),
(1143, 'b50', 'Clepkens', '2022-03-11 09:29:09', 'bw1us'),
(1144, 'e49', 'Duncombe', '2022-03-11 09:29:09', 'qf77j'),
(1145, 'e5', 'Enault-Pascreau', '2022-03-11 09:29:09', 'y2qdu'),
(1146, 'a17', 'Andre', '2022-03-11 09:29:10', 'oppg5'),
(1147, 'b25', 'Bunisset', '2022-03-11 09:29:10', 's1y1r'),
(1148, 'b34', 'Cadic', '2022-03-11 09:29:10', '6u8dc'),
(1149, 'f39', 'Frémont', '2022-03-11 09:29:10', 'xs5tq'),
(1150, 'b19', 'Bunisset', '2022-03-11 09:29:10', '4vbnd'),
(1151, 'c14', 'Daburon', '2022-03-11 09:29:10', '7oqpv'),
(1152, 'e39', 'Dudouit', '2022-03-11 09:29:10', '44im8'),
(1153, 'f21', 'Finck', '2022-03-11 09:29:10', 'mpb3t'),
(1154, 'd13', 'Debelle', '2022-03-11 09:29:10', 'nvwqq'),
(1155, 'a131', 'Villechalane', '2022-03-11 09:29:10', 'jux7g'),
(1156, 'a93', 'Tusseau', '2022-03-11 09:29:10', 'ktp3s'),
(1157, 'b16', 'Bioret', '2022-03-11 09:29:10', 'hrjfs'),
(1158, 'c54', 'Debelle', '2022-03-11 09:29:10', 'od5rt'),
(1159, 'd51', 'Debroise', '2022-03-11 09:29:10', 'sghkb'),
(1160, 'e22', 'Desmarquest', '2022-03-11 09:29:10', 'f1fob'),
(1161, 'b13', 'Bentot', '2022-03-11 09:29:10', 'doyw1'),
(1162, 'c3', 'De', '2022-03-11 09:29:10', 'gk9kx'),
(1163, 'e24', 'Desnost', '2022-03-11 09:29:10', '4k2o5'),
(1164, 'e52', 'Eynde', '2022-03-11 09:29:10', 'i7sn3'),
(1165, 'b59', 'Cottin', '2022-03-11 09:29:10', '2hoh9'),
(1166, 'f4', 'Gest', '2022-03-11 09:31:08', 'dywvt'),
(1167, 'b28', 'Cacheux', '2022-03-11 09:31:08', 'uf7r3'),
(1168, 'b4', 'Charoze', '2022-03-11 09:31:08', 'u817o'),
(1169, 'a55', 'Bedos', '2022-03-11 09:31:08', 'gmhxd'),
(1170, 'b50', 'Clepkens', '2022-03-11 09:31:08', 'bw1us'),
(1171, 'e49', 'Duncombe', '2022-03-11 09:31:08', 'qf77j'),
(1172, 'e5', 'Enault-Pascreau', '2022-03-11 09:31:08', 'y2qdu'),
(1173, 'a17', 'Andre', '2022-03-11 09:31:08', 'oppg5'),
(1174, 'b25', 'Bunisset', '2022-03-11 09:31:08', 's1y1r'),
(1175, 'b34', 'Cadic', '2022-03-11 09:31:08', '6u8dc'),
(1176, 'f39', 'Frémont', '2022-03-11 09:31:08', 'xs5tq'),
(1177, 'b19', 'Bunisset', '2022-03-11 09:31:08', '4vbnd'),
(1178, 'c14', 'Daburon', '2022-03-11 09:31:08', '7oqpv'),
(1179, 'e39', 'Dudouit', '2022-03-11 09:31:08', '44im8'),
(1180, 'f21', 'Finck', '2022-03-11 09:31:08', 'mpb3t'),
(1181, 'd13', 'Debelle', '2022-03-11 09:31:08', 'nvwqq'),
(1182, 'a131', 'Villechalane', '2022-03-11 09:31:08', 'jux7g'),
(1183, 'a93', 'Tusseau', '2022-03-11 09:31:08', 'ktp3s'),
(1184, 'b16', 'Bioret', '2022-03-11 09:31:08', 'hrjfs'),
(1185, 'c54', 'Debelle', '2022-03-11 09:31:08', 'od5rt'),
(1186, 'd51', 'Debroise', '2022-03-11 09:31:08', 'sghkb'),
(1187, 'e22', 'Desmarquest', '2022-03-11 09:31:08', 'f1fob'),
(1188, 'b13', 'Bentot', '2022-03-11 09:31:08', 'doyw1'),
(1189, 'c3', 'De', '2022-03-11 09:31:08', 'gk9kx'),
(1190, 'e24', 'Desnost', '2022-03-11 09:31:08', '4k2o5'),
(1191, 'e52', 'Eynde', '2022-03-11 09:31:08', 'i7sn3'),
(1192, 'b59', 'Cottin', '2022-03-11 09:31:08', '2hoh9'),
(1193, 'f4', 'Gest', '2022-03-11 09:39:40', 'dywvt'),
(1194, 'b28', 'Cacheux', '2022-03-11 09:39:40', 'uf7r3'),
(1195, 'b4', 'Charoze', '2022-03-11 09:39:40', 'u817o'),
(1196, 'a55', 'Bedos', '2022-03-11 09:39:40', 'gmhxd'),
(1197, 'b50', 'Clepkens', '2022-03-11 09:39:40', 'bw1us'),
(1198, 'e49', 'Duncombe', '2022-03-11 09:39:40', 'qf77j'),
(1199, 'e5', 'Enault-Pascreau', '2022-03-11 09:39:40', 'y2qdu'),
(1200, 'a17', 'Andre', '2022-03-11 09:39:40', 'oppg5'),
(1201, 'b25', 'Bunisset', '2022-03-11 09:39:40', 's1y1r'),
(1202, 'b34', 'Cadic', '2022-03-11 09:39:40', '6u8dc'),
(1203, 'f39', 'Frémont', '2022-03-11 09:39:40', 'xs5tq'),
(1204, 'b19', 'Bunisset', '2022-03-11 09:39:40', '4vbnd'),
(1205, 'c14', 'Daburon', '2022-03-11 09:39:40', '7oqpv'),
(1206, 'e39', 'Dudouit', '2022-03-11 09:39:40', '44im8'),
(1207, 'f21', 'Finck', '2022-03-11 09:39:40', 'mpb3t'),
(1208, 'd13', 'Debelle', '2022-03-11 09:39:40', 'nvwqq'),
(1209, 'a131', 'Villechalane', '2022-03-11 09:39:40', 'jux7g'),
(1210, 'a93', 'Tusseau', '2022-03-11 09:39:40', 'ktp3s'),
(1211, 'b16', 'Bioret', '2022-03-11 09:39:40', 'hrjfs'),
(1212, 'c54', 'Debelle', '2022-03-11 09:39:40', 'od5rt'),
(1213, 'd51', 'Debroise', '2022-03-11 09:39:40', 'sghkb'),
(1214, 'e22', 'Desmarquest', '2022-03-11 09:39:40', 'f1fob'),
(1215, 'b13', 'Bentot', '2022-03-11 09:39:40', 'doyw1'),
(1216, 'c3', 'De', '2022-03-11 09:39:40', 'gk9kx'),
(1217, 'e24', 'Desnost', '2022-03-11 09:39:40', '4k2o5'),
(1218, 'e52', 'Eynde', '2022-03-11 09:39:40', 'i7sn3'),
(1219, 'b59', 'Cottin', '2022-03-11 09:39:40', '2hoh9'),
(1220, 'f4', 'Gest', '2022-03-11 09:39:42', 'dywvt'),
(1221, 'b28', 'Cacheux', '2022-03-11 09:39:42', 'uf7r3'),
(1222, 'b4', 'Charoze', '2022-03-11 09:39:42', 'u817o'),
(1223, 'a55', 'Bedos', '2022-03-11 09:39:42', 'gmhxd'),
(1224, 'b50', 'Clepkens', '2022-03-11 09:39:42', 'bw1us'),
(1225, 'e49', 'Duncombe', '2022-03-11 09:39:42', 'qf77j'),
(1226, 'e5', 'Enault-Pascreau', '2022-03-11 09:39:42', 'y2qdu'),
(1227, 'a17', 'Andre', '2022-03-11 09:39:42', 'oppg5'),
(1228, 'b25', 'Bunisset', '2022-03-11 09:39:42', 's1y1r'),
(1229, 'b34', 'Cadic', '2022-03-11 09:39:42', '6u8dc'),
(1230, 'f39', 'Frémont', '2022-03-11 09:39:42', 'xs5tq'),
(1231, 'b19', 'Bunisset', '2022-03-11 09:39:42', '4vbnd'),
(1232, 'c14', 'Daburon', '2022-03-11 09:39:42', '7oqpv'),
(1233, 'e39', 'Dudouit', '2022-03-11 09:39:42', '44im8'),
(1234, 'f21', 'Finck', '2022-03-11 09:39:42', 'mpb3t'),
(1235, 'd13', 'Debelle', '2022-03-11 09:39:42', 'nvwqq'),
(1236, 'a131', 'Villechalane', '2022-03-11 09:39:42', 'jux7g'),
(1237, 'a93', 'Tusseau', '2022-03-11 09:39:42', 'ktp3s'),
(1238, 'b16', 'Bioret', '2022-03-11 09:39:42', 'hrjfs'),
(1239, 'c54', 'Debelle', '2022-03-11 09:39:42', 'od5rt'),
(1240, 'd51', 'Debroise', '2022-03-11 09:39:42', 'sghkb'),
(1241, 'e22', 'Desmarquest', '2022-03-11 09:39:42', 'f1fob'),
(1242, 'b13', 'Bentot', '2022-03-11 09:39:42', 'doyw1'),
(1243, 'c3', 'De', '2022-03-11 09:39:42', 'gk9kx'),
(1244, 'e24', 'Desnost', '2022-03-11 09:39:42', '4k2o5'),
(1245, 'e52', 'Eynde', '2022-03-11 09:39:42', 'i7sn3'),
(1246, 'b59', 'Cottin', '2022-03-11 09:39:42', '2hoh9'),
(1247, 'f4', 'Gest', '2022-03-11 10:14:47', 'dywvt'),
(1248, 'b28', 'Cacheux', '2022-03-11 10:14:47', 'uf7r3'),
(1249, 'b4', 'Charoze', '2022-03-11 10:14:47', 'u817o'),
(1250, 'a55', 'Bedos', '2022-03-11 10:14:47', 'gmhxd'),
(1251, 'b50', 'Clepkens', '2022-03-11 10:14:47', 'bw1us'),
(1252, 'e49', 'Duncombe', '2022-03-11 10:14:47', 'qf77j'),
(1253, 'e5', 'Enault-Pascreau', '2022-03-11 10:14:47', 'y2qdu'),
(1254, 'a17', 'Andre', '2022-03-11 10:14:47', 'oppg5'),
(1255, 'b25', 'Bunisset', '2022-03-11 10:14:47', 's1y1r'),
(1256, 'b34', 'Cadic', '2022-03-11 10:14:47', '6u8dc'),
(1257, 'f39', 'Frémont', '2022-03-11 10:14:47', 'xs5tq'),
(1258, 'b19', 'Bunisset', '2022-03-11 10:14:47', '4vbnd'),
(1259, 'c14', 'Daburon', '2022-03-11 10:14:48', '7oqpv'),
(1260, 'e39', 'Dudouit', '2022-03-11 10:14:48', '44im8'),
(1261, 'f21', 'Finck', '2022-03-11 10:14:48', 'mpb3t'),
(1262, 'd13', 'Debelle', '2022-03-11 10:14:48', 'nvwqq'),
(1263, 'a131', 'Villechalane', '2022-03-11 10:14:48', 'jux7g'),
(1264, 'a93', 'Tusseau', '2022-03-11 10:14:48', 'ktp3s'),
(1265, 'b16', 'Bioret', '2022-03-11 10:14:48', 'hrjfs'),
(1266, 'c54', 'Debelle', '2022-03-11 10:14:48', 'od5rt'),
(1267, 'd51', 'Debroise', '2022-03-11 10:14:48', 'sghkb'),
(1268, 'e22', 'Desmarquest', '2022-03-11 10:14:48', 'f1fob'),
(1269, 'b13', 'Bentot', '2022-03-11 10:14:48', 'doyw1'),
(1270, 'c3', 'De', '2022-03-11 10:14:48', 'gk9kx'),
(1271, 'e24', 'Desnost', '2022-03-11 10:14:48', '4k2o5'),
(1272, 'e52', 'Eynde', '2022-03-11 10:14:48', 'i7sn3'),
(1273, 'b59', 'Cottin', '2022-03-11 10:14:48', '2hoh9'),
(1274, 'f4', 'Gest', '2022-03-11 10:17:09', 'dywvt'),
(1275, 'b28', 'Cacheux', '2022-03-11 10:17:09', 'uf7r3'),
(1276, 'b4', 'Charoze', '2022-03-11 10:17:09', 'u817o'),
(1277, 'a55', 'Bedos', '2022-03-11 10:17:09', 'gmhxd'),
(1278, 'b50', 'Clepkens', '2022-03-11 10:17:09', 'bw1us'),
(1279, 'e49', 'Duncombe', '2022-03-11 10:17:09', 'qf77j'),
(1280, 'e5', 'Enault-Pascreau', '2022-03-11 10:17:09', 'y2qdu'),
(1281, 'a17', 'Andre', '2022-03-11 10:17:09', 'oppg5'),
(1282, 'b25', 'Bunisset', '2022-03-11 10:17:09', 's1y1r'),
(1283, 'b34', 'Cadic', '2022-03-11 10:17:09', '6u8dc'),
(1284, 'f39', 'Frémont', '2022-03-11 10:17:09', 'xs5tq'),
(1285, 'b19', 'Bunisset', '2022-03-11 10:17:09', '4vbnd'),
(1286, 'c14', 'Daburon', '2022-03-11 10:17:09', '7oqpv'),
(1287, 'e39', 'Dudouit', '2022-03-11 10:17:09', '44im8'),
(1288, 'f21', 'Finck', '2022-03-11 10:17:09', 'mpb3t'),
(1289, 'd13', 'Debelle', '2022-03-11 10:17:09', 'nvwqq'),
(1290, 'a131', 'Villechalane', '2022-03-11 10:17:09', 'jux7g'),
(1291, 'a93', 'Tusseau', '2022-03-11 10:17:09', 'ktp3s'),
(1292, 'b16', 'Bioret', '2022-03-11 10:17:09', 'hrjfs'),
(1293, 'c54', 'Debelle', '2022-03-11 10:17:09', 'od5rt'),
(1294, 'd51', 'Debroise', '2022-03-11 10:17:09', 'sghkb'),
(1295, 'e22', 'Desmarquest', '2022-03-11 10:17:09', 'f1fob'),
(1296, 'b13', 'Bentot', '2022-03-11 10:17:09', 'doyw1'),
(1297, 'c3', 'De', '2022-03-11 10:17:09', 'gk9kx'),
(1298, 'e24', 'Desnost', '2022-03-11 10:17:09', '4k2o5'),
(1299, 'e52', 'Eynde', '2022-03-11 10:17:09', 'i7sn3'),
(1300, 'b59', 'Cottin', '2022-03-11 10:17:09', '2hoh9');

-- --------------------------------------------------------

--
-- Structure de la table `lignefraisforfait`
--

CREATE TABLE `lignefraisforfait` (
  `idVisiteur` char(4) NOT NULL,
  `mois` char(6) NOT NULL,
  `idFraisForfait` char(3) NOT NULL,
  `quantite` int(11) DEFAULT NULL
) ENGINE=InnoDB DEFAULT CHARSET=utf8mb4;

--
-- Déchargement des données de la table `lignefraisforfait`
--

INSERT INTO `lignefraisforfait` (`idVisiteur`, `mois`, `idFraisForfait`, `quantite`) VALUES
('a17', '202203', 'ETP', 0),
('a17', '202203', 'KM', 0),
('a17', '202203', 'NUI', 0),
('a17', '202203', 'REP', 0),
('a17', '202204', 'ETP', 0),
('a17', '202204', 'KM', 0),
('a17', '202204', 'NUI', 0),
('a17', '202204', 'REP', 0);

-- --------------------------------------------------------

--
-- Structure de la table `lignefraishorsforfait`
--

CREATE TABLE `lignefraishorsforfait` (
  `id` int(11) NOT NULL,
  `idVisiteur` char(4) NOT NULL,
  `mois` char(6) NOT NULL,
  `libelle` varchar(100) DEFAULT NULL,
  `date` date DEFAULT NULL,
  `montant` decimal(10,2) DEFAULT NULL
) ENGINE=InnoDB DEFAULT CHARSET=utf8mb4;

-- --------------------------------------------------------

--
-- Structure de la table `medicament`
--

CREATE TABLE `medicament` (
  `id_med` int(5) NOT NULL,
  `designation_med` varchar(30) NOT NULL,
  `description_med` varchar(500) NOT NULL,
  `image` varchar(300) NOT NULL,
  `lien_pdf` text NOT NULL
) ENGINE=InnoDB DEFAULT CHARSET=utf8mb4;

--
-- Déchargement des données de la table `medicament`
--

INSERT INTO `medicament` (`id_med`, `designation_med`, `description_med`, `image`, `lien_pdf`) VALUES
(1, 'PARACETAMOL BIOGARAN', '1 000 mg Comprimé effervescent boîte de 1 tube de 8', 'https://www.pharmarket.com/media/fr_FR12012096/600x600/biogaran-paracetamol-1000mg-1-tube-de-8-comprimes-effervescents-secables-600-600.jpg', 'https://www.has-sante.fr/upload/docs/application/pdf/ct020857.pdf'),
(2, 'PIASCLEDINE', '300 mg, gélule, boîte de 60', 'https://www.pharmashopi.com/images/Image/Piascledine-300-gelule-boite-de-60-gelules340093007292-1.jpg', 'https://www.pharma-medicaments.com/media/3594135__013227800_1727_15032016.pdf'),
(3, 'IXPRIM', '37,5 mg/325 mg, comprimé effervescent, boîte de 20', 'https://pillintrip.com/style/images/medicines/ixprim/ixprim1.jpg', 'https://base-donnees-publique.medicaments.gouv.fr/affichageDoc.php?specid=60365078&typedoc=N'),
(4, 'ANTARENE', '5 %, gel, tube de 50 g', 'https://pharmaciecroixrouge.fr/wp-content/uploads/sites/23/2021/01/image_produit-64165_57622066.jpg', 'https://www.has-sante.fr/upload/docs/evamed/CT-15509_ANTARENE_PIS_RI_Avis1_CT15509.pdf'),
(5, 'MOPRAL', '10 mg, gélule gastro-résistante, boîte de 1 flacon de 30', 'https://accoceberry.mesoigner.fr/uploads/produits/5ad5bea7e4806-omeprazole-sandoz-conseil-20-mg-gelule-gastro-resistante.jpeg', 'https://www.has-sante.fr/upload/docs/application/pdf/ct010680.pdf'),
(6, 'VASTAREL', '35 mg, comprimé pelliculé à libération modifiée, boîte de 60', 'https://images.lasante.net/11792-109390-thickbox.webp', 'https://www.has-sante.fr/upload/docs/application/pdf/vastarel_35mg.pdf'),
(7, 'EFFEXOR', '25 mg, comprimé, boîte de 30', 'https://www.pharmabolix.com/sites/default/files/Effexor_LP.jpg', 'https://www.accessdata.fda.gov/drugsatfda_docs/label/2017/020699s107lbl.pdf'),
(8, 'XANAX', '0,25 mg, comprimé sécable, boîte de 100', 'https://documedis.hcisolutions.ch/2020-01/api/products/image/PICFRONT3D/productnumber/22003/350', 'https://www.accessdata.fda.gov/drugsatfda_docs/label/2011/018276s045lbl.pdf'),
(9, 'ASPEGIC', '500 mg, poudre pour solution buvable en sachet-dose, boîte de 20 sachets-dose', 'https://www.misterpharmaweb.com/images/Image/IMG_20200818_095229.jpg', 'https://www.pharmacieveau.fr/files/boutique/produits/doc/387-aspegic100.pdf'),
(10, 'COAPROVEL', '300 mg/12,5 mg, comprimé pelliculé, boîte de 9 plaquettes thermoformées de 10', 'https://www.pharmacieparent.be/UserFiles/Uploads/images/Products/1000167/1569367.jpg', 'https://www.ema.europa.eu/en/documents/product-information/coaprovel-epar-product-information_fr.pdf'),
(11, 'NASONEX', '50 microgrammes/dose, suspension pour pulvérisation nasale, flacon de 140 doses', 'https://www.pharmacieparent.be/UserFiles/Uploads/images/Products/1468164.jpg', 'https://www.merck.ca/static/pdf/NASONEX_PM_F.pdf'),
(12, 'TOPALGIC', '100 mg/ml, solution buvable, flacon de 10 ml', 'https://www.lemoniteurdespharmacies.fr/images/f1d/5d466a0d09182dde067c29a74ff6e.jpg', 'https://www.has-sante.fr/upload/docs/evamed/CT-15300_TOPALGIC-MONOALGIC_PIS_RI_Avis2_CT15300.pdf'),
(13, 'RIVOTRIL', '1 mg/1 ml, solutions à diluer injectables en ampoules, boîte de 6 ampoule de solution + ampoule de solvant de 1 mL', 'https://encrypted-tbn0.gstatic.com/images?q=tbn:ANd9GcRG_hHLIKjOyzf5xYn_7eLiHee41cZ0QAZTgMUVxhcF_Nr2wl7LSNTu-6kHC9VD_GwYVCY&usqp=CAU', 'https://www.rochecanada.com/PMs_Fr/Rivotril/Rivotril_PM_F.pdf'),
(14, 'KETUM', '2,5 POUR CENT, gel, tube de 60 g', 'https://paraetpharmacie.com/7198-large_default/ketum-25-gel-tube-doseur-120g.jpg', 'https://www.has-sante.fr/upload/docs/application/pdf/ct010741.pdf'),
(15, 'STILNOX', '10 mg, comprimé pelliculé sécable, boîte de 150', 'https://pharmacie-pour-la-france.com/img/fr/8002.jpg', 'https://www.has-sante.fr/upload/docs/evamed/CT-15564_STILNOX_PIS_RI_Avis2_CT15564.pdf');

-- --------------------------------------------------------

--
-- Structure de la table `presenter`
--

CREATE TABLE `presenter` (
  `id_med` int(5) NOT NULL,
  `id_visit` char(4) NOT NULL,
  `anneeMois` char(6) NOT NULL,
  `note` text NOT NULL
) ENGINE=InnoDB DEFAULT CHARSET=utf8mb4;

--
-- Déchargement des données de la table `presenter`
--

INSERT INTO `presenter` (`id_med`, `id_visit`, `anneeMois`, `note`) VALUES
(1, 'a17', '202201', 'd'),
(1, 'a17', '202205', 'gfdsg'),
(2, 'a17', '202201', 'd'),
(2, 'a17', '202202', 'd'),
(3, 'a17', '202201', 'd'),
(3, 'a17', '202202', 'd'),
(3, 'a17', '202203', 'd'),
(4, 'b13', '202201', ''),
(4, 'b13', '202203', ''),
(5, 'b13', '202201', ''),
(5, 'b13', '202203', ''),
(6, 'a17', '202201', 'd'),
(6, 'a17', '202203', 'd'),
(7, 'b13', '202201', ''),
(7, 'b13', '202202', ''),
(8, 'a55', '202201', ''),
(8, 'a55', '202203', ''),
(9, 'a55', '202201', ''),
(10, 'a55', '202201', ''),
(10, 'a55', '202202', ''),
(10, 'a55', '202203', ''),
(11, 'a17', '202201', 'f'),
(11, 'a17', '202202', 'f'),
(11, 'a17', '202203', 'g'),
(12, 'b13', '202201', ''),
(12, 'b13', '202202', ''),
(13, 'b13', '202201', ''),
(14, 'b13', '202201', ''),
(14, 'b13', '202202', ''),
(15, 'a55', '202201', ''),
(15, 'a55', '202202', '');

-- --------------------------------------------------------

--
-- Structure de la table `region`
--

CREATE TABLE `region` (
  `idregion` char(1) NOT NULL,
  `chef_region` char(4) DEFAULT NULL
) ENGINE=InnoDB DEFAULT CHARSET=utf8mb4;

--
-- Déchargement des données de la table `region`
--

INSERT INTO `region` (`idregion`, `chef_region`) VALUES
('A', 'a17'),
('B', 'b25'),
('C', 'c14'),
('D', 'd13'),
('E', 'e22'),
('F', NULL);

--
-- Déclencheurs `region`
--
DELIMITER $$
CREATE TRIGGER `verifyChef2` BEFORE UPDATE ON `region` FOR EACH ROW BEGIN

DECLARE regionAverifier char(1);
DECLARE comptage int(2);
DECLARE newChef varchar(4);	

/*SELECT idregion into regionAVerifier 
FROM region
WHERE idregion = UCASE(substring(new.chef_region,1,1));*/

/*SET newChef = new.chef_region;*/

SELECT COUNT(*) INTO comptage
FROM visiteur
WHERE id = new.chef_region
and region = old.idregion;

if(comptage < 1) THEN
  signal sqlstate '45000' set message_text = "ERREUR DE CHEF DE REGION";
END IF;
END
$$
DELIMITER ;

-- --------------------------------------------------------

--
-- Structure de la table `visiteur`
--

CREATE TABLE `visiteur` (
  `id` char(4) NOT NULL,
  `nom` char(30) DEFAULT NULL,
  `prenom` char(30) DEFAULT NULL,
  `login` char(20) DEFAULT NULL,
  `mdp` char(20) DEFAULT NULL,
  `adresse` char(30) DEFAULT NULL,
  `cp` char(5) DEFAULT NULL,
  `ville` char(30) DEFAULT NULL,
  `dateEmbauche` date DEFAULT NULL,
  `mdp_hash` varchar(128) DEFAULT NULL,
  `region` varchar(45) NOT NULL
) ENGINE=InnoDB DEFAULT CHARSET=utf8mb4;

--
-- Déchargement des données de la table `visiteur`
--

INSERT INTO `visiteur` (`id`, `nom`, `prenom`, `login`, `mdp`, `adresse`, `cp`, `ville`, `dateEmbauche`, `mdp_hash`, `region`) VALUES
('a131', 'Villechalane', 'Louis', 'lvillachane', 'jux7g', '8 rue des Charmes', '46000', 'Cahors', '2005-12-21', '13dbdf7d3600e727d522707cb533f868367be729cdfc4032e6d06b8e6b19f911f63cf661fe56ad11169092488d210438e816f4f79078c295718df6262b290cd8', ''),
('a17', 'Andre', 'David', 'dandre', 'oppg5', '1 rue Petit', '46200', 'Lalbenque', '1998-11-23', '93c3d3d7ca890c6f3fd3fe5e270e9b0cde3aa69523208976b2e95fa382d7f43a4cf97a2a7bd10e88214065b27159cc0a0f97fedf53d800a5b9e276e28e17b4c2', ''),
('a55', 'Bedos', 'Christian', 'cbedos', 'gmhxd', '1 rue Peranud', '46250', 'Montcuq', '1995-01-12', '0ef320534cc5e92a107325f6a3150cf641aaeb0b1e7b17ac3f89f1ef5c5238028b85b5cb3a2bb48e34d035735c2157a81b3eed31c7ef2e61f228c461975d700a', ''),
('a93', 'Tusseau', 'Louis', 'ltusseau', 'ktp3s', '22 rue des Ternes', '46123', 'Gramat', '2000-05-01', 'd3e4c8eb9180f86ef1627d46a8ec5a975caf70aa6135fb196a1a2aa56ebc246b42075fca83b61357afbc92f163bb0b55da6c2e9d59e19061fe59c6c4166d0f8d', ''),
('b13', 'Bentot', 'Pascal', 'pbentot', 'doyw1', '11 allée des Cerises', '46512', 'Bessines', '1992-07-09', '534a091cdb6432e844ef547bc1d87b5a99d5ab11a2a701e1db9ff80b4473869efb486c4f40caf350617d3c917c744df42e169454b04e1329e52126da71c7a6ed', ''),
('b16', 'Bioret', 'Luc', 'lbioret', 'hrjfs', '1 Avenue gambetta', '46000', 'Cahors', '1998-05-11', '6ca809e76a3830026782b6b0de6fdc8c4f24990a2cd95c5bbfe189256f7db3650d8dec40a846cfbe157cc9a228d15b5ba1a0b5cbd43850a9f47b1a9e0c0f2a06', ''),
('b19', 'Bunisset', 'Francis', 'fbunisset', '4vbnd', '10 rue des Perles', '93100', 'Montreuil', '1987-10-21', '1f3eab5ab9fc9945bf8e0e80ca93975f5f5d985257a24455290eaf70182cb8ce9fdd5e686e253d40fc31acbef27b7dc47c40f32456de8549ac642b0bee660ef5', ''),
('b25', 'Bunisset', 'Denise', 'dbunisset', 's1y1r', '23 rue Manin', '75019', 'Paris', '2010-12-05', '68ee1cf8a33c8f052ad57cafa14026b22e6c3d9dc1394782efaea901af7dcae44d8bc8f144ff8339713099c11953e7da087619a5e43d278d84c03b46d589f9c8', ''),
('b28', 'Cacheux', 'Bernard', 'bcacheux', 'uf7r3', '114 rue Blanche', '75017', 'Paris', '2009-11-12', 'c27bce94a964281439ea6a17ab46ce6e0670da3877c93df0cd5e14ebe0aef3bce66c3bea7257f3b27d034e398a7089888e3b255f4a49caaccff980879ad4c1fd', ''),
('b34', 'Cadic', 'Eric', 'ecadic', '6u8dc', '123 avenue de la République', '75011', 'Paris', '2008-09-23', 'e459545a65f978f12eaff36ad96f475ea9e2d497ab1c29a4fdccc8c889b996bfd20c91c9c7296f4b0532feabae0fd25068fa253fad2fd8e03ab9b5b637a2edef', ''),
('b4', 'Charoze', 'Catherine', 'ccharoze', 'u817o', '100 rue Petit', '75019', 'Paris', '2005-11-12', '9fce860fede4fb4441e65ae1957675bea6d00f74533f10fd47e493dddaa2da2ab29ef409538a047459e9997c378b7d2694dda5d5d68791ef074f8f66b337ed9b', ''),
('b50', 'Clepkens', 'Christophe', 'cclepkens', 'bw1us', '12 allée des Anges', '93230', 'Romainville', '2003-08-11', 'b8864461865eaab5b66ee5ad083a8a4620beed4e20cfd7e4ee76bc10677610893fbfe64c63f48af01fb5bb2f6d0690a70efef72879a9a0192310c60e48f09897', ''),
('b59', 'Cottin', 'Vincenne', 'vcottin', '2hoh9', '36 rue Des Roches', '93100', 'Montreuil', '2001-11-18', '6e5d9d888f31ee2e4c90e89ca1f54420ce2e7b7c4d9a08174f697e415bf69fdea5d9ab59c9652e912867991451fe800f93d66c5ee009ae65b664c385cb8d7bcd', ''),
('c14', 'Daburon', 'François', 'fdaburon', '7oqpv', '13 rue de Chanzy', '94000', 'Créteil', '2002-02-11', '6352987726652d06b4cebc40ced3eead997a1adaffee47dce53c2df01970ed900824ee05f72a6b9e314e053f7cd1e7763ebe962b586641d059ac95a32ff175a7', ''),
('c3', 'De', 'Philippe', 'pde', 'gk9kx', '13 rue Barthes', '94000', 'Créteil', '2010-12-14', '62d8e965a3cceb4ded0f95b1158ded7b6fa3ec7c654f1ae322c8bea78f7ccd46b524f46c1f61242b3fd12bb7fdc5959a8ed194feec2ac1a2fbb809e74bb45f3a', ''),
('c54', 'Debelle', 'Michel', 'mdebelle', 'od5rt', '181 avenue Barbusse', '93210', 'Rosny', '2006-11-23', 'f73a98ab9a0561e7d898969e93f0f27e77fb34e91821b21227f3aad8e01278efe07d5f32ebd4bc5601277ea8c6b22deb27009b59e11306523eb794ffa2981aa7', ''),
('d13', 'Debelle', 'Jeanne', 'jdebelle', 'nvwqq', '134 allée des Joncs', '44000', 'Nantes', '2000-05-11', '8bba249274c8439780fd90f436ca62100979116e598663c24642d0a371ab71970032c3fa0b9da1573db80f867fd00c7b463b16c64d9819f022b656041aaf7fd6', ''),
('d51', 'Debroise', 'Michel', 'mdebroise', 'sghkb', '2 Bld Jourdain', '44000', 'Nantes', '2001-04-17', 'dfe7b593ddb72898a0bbf326ef249efbfb1e278a04716d07f1e5baa23732a55313c5169e2c0a760c981d56cb87e65855beeb8d595704f4886612dc86e55edb11', ''),
('e22', 'Desmarquest', 'Nathalie', 'ndesmarquest', 'f1fob', '14 Place d Arc', '45000', 'Orléans', '2005-11-12', 'c95dd9f05de37f54df7f202a0c0f5a39552eb72661b7da84b9a3e782216ae1d1788188e5ca83dcc1d16b743588812fccc3d69e6a9adfcd7836a6b9c907770cd2', ''),
('e24', 'Desnost', 'Pierre', 'pdesnost', '4k2o5', '16 avenue des Cèdres', '23200', 'Guéret', '2001-02-05', '3d078e614b8ea8c6e22de1fa797a1a44cf697687e45e27d81f24a15a7a782db4965f315b37f066a1a6a405930e2ff8363ba9efa7884f727784144df0b34f958f', ''),
('e39', 'Dudouit', 'Frédéric', 'fdudouit', '44im8', '18 rue de l église', '23120', 'GrandBourg', '2000-08-01', '707736ce79cbfaab003254677f4fae59c6e83df5ea81851d503b622b6a9ed0fb79d13d6ea3136a8de5325734798b8c216030ddf1c0a2268abf2da3fa6bb752ed', ''),
('e49', 'Duncombe', 'Claude', 'cduncombe', 'qf77j', '19 rue de la tour', '23100', 'La souterraine', '1987-10-10', '4d62f09c266b7c81539a658af42daebeaf3701d9a8922c982d3711e97de2b897a988488726001cb5772d3b5e42b93f03882ef0e8d0a5a18cc200a5559bac369e', ''),
('e5', 'Enault-Pascreau', 'Céline', 'cenault', 'y2qdu', '25 place de la gare', '23200', 'Guéret', '1995-09-01', 'a309a05d7051be5dab6933292007ec6c9012a16682fe30a1c1b03726ba1811cc9b8f63651315d073eff66cfad821bb4d1c56c89597e8058f2238ee7204a3f902', ''),
('e52', 'Eynde', 'Valérie', 'veynde', 'i7sn3', '3 Grand Place', '13015', 'Marseille', '1999-11-01', 'c58437bafd323a6da6de8780bc9fc088c457231062fca2b1b4333eec07981166f9ea9b3d09f4e5fa6f8d6354efe85b39a07f86fb153721f5807adbadd9958ec2', ''),
('f21', 'Finck', 'Jacques', 'jfinck', 'mpb3t', '10 avenue du Prado', '13002', 'Marseille', '2001-11-10', '9edf00a05e0aeaf318ea0dcc14d631056a88d9c2de3420b6ea439395ddc24057640390c5135a9a31964f0b6c5eb54ee89869df2af8a6bd16392ba7a1edef39a3', ''),
('f39', 'Frémont', 'Fernande', 'ffremont', 'xs5tq', '4 route de la mer', '13012', 'Allauch', '1998-10-01', '32061e7c2ef0dde665e7b6a70722a1a93225a33ac4928000e0e940198c823859332bc906494065745e5216b387bd0224ae746248d7a5b8a284ced8df85e8f84f', ''),
('f4', 'Gest', 'Alain', 'agest', 'dywvt', '30 avenue de la mer', '13025', 'Berre', '1985-11-01', '889fe2177c79378eaa9b57f8a62a6e5afc95b10178598bcb3bbfd39aedaa2d49007ee2165d29486d9e5b8443e1b1c8d884982a630a68e0d4f081b86c8e4b2bcf', '');

--
-- Déclencheurs `visiteur`
--
DELIMITER $$
CREATE TRIGGER `OnBeforeUpdateMDP` BEFORE UPDATE ON `visiteur` FOR EACH ROW IF(NEW.mdp!=OLD.mdp)THEN
	INSERT INTO hist_mpd_employe(idVisiteur,nom, changeDate, mdp_ancien)
     VALUES(OLD.id, OLD.nom, now(), OLD.MDP);
END IF
$$
DELIMITER ;

--
-- Index pour les tables déchargées
--

--
-- Index pour la table `comptable`
--
ALTER TABLE `comptable`
  ADD PRIMARY KEY (`id`);

--
-- Index pour la table `etat`
--
ALTER TABLE `etat`
  ADD PRIMARY KEY (`id`);

--
-- Index pour la table `fichefrais`
--
ALTER TABLE `fichefrais`
  ADD PRIMARY KEY (`idVisiteur`,`mois`),
  ADD KEY `idEtat` (`idEtat`);

--
-- Index pour la table `fraisforfait`
--
ALTER TABLE `fraisforfait`
  ADD PRIMARY KEY (`id`);

--
-- Index pour la table `hist_mpd_employe`
--
ALTER TABLE `hist_mpd_employe`
  ADD PRIMARY KEY (`id`);

--
-- Index pour la table `lignefraisforfait`
--
ALTER TABLE `lignefraisforfait`
  ADD PRIMARY KEY (`idVisiteur`,`mois`,`idFraisForfait`),
  ADD KEY `idFraisForfait` (`idFraisForfait`);

--
-- Index pour la table `lignefraishorsforfait`
--
ALTER TABLE `lignefraishorsforfait`
  ADD PRIMARY KEY (`id`),
  ADD KEY `idVisiteur` (`idVisiteur`,`mois`);

--
-- Index pour la table `medicament`
--
ALTER TABLE `medicament`
  ADD PRIMARY KEY (`id_med`);

--
-- Index pour la table `presenter`
--
ALTER TABLE `presenter`
  ADD PRIMARY KEY (`id_med`,`id_visit`,`anneeMois`),
  ADD KEY `presenter_ibfk_1` (`id_visit`),
  ADD KEY `presenter_ibfk_2` (`id_med`) USING BTREE;

--
-- Index pour la table `visiteur`
--
ALTER TABLE `visiteur`
  ADD PRIMARY KEY (`id`);

--
-- AUTO_INCREMENT pour les tables déchargées
--

--
-- AUTO_INCREMENT pour la table `hist_mpd_employe`
--
ALTER TABLE `hist_mpd_employe`
  MODIFY `id` int(11) NOT NULL AUTO_INCREMENT, AUTO_INCREMENT=1301;

--
-- AUTO_INCREMENT pour la table `lignefraishorsforfait`
--
ALTER TABLE `lignefraishorsforfait`
  MODIFY `id` int(11) NOT NULL AUTO_INCREMENT;

--
-- AUTO_INCREMENT pour la table `medicament`
--
ALTER TABLE `medicament`
  MODIFY `id_med` int(5) NOT NULL AUTO_INCREMENT, AUTO_INCREMENT=16;

--
-- Contraintes pour les tables déchargées
--

--
-- Contraintes pour la table `fichefrais`
--
ALTER TABLE `fichefrais`
  ADD CONSTRAINT `fichefrais_ibfk_1` FOREIGN KEY (`idEtat`) REFERENCES `etat` (`id`),
  ADD CONSTRAINT `fichefrais_ibfk_2` FOREIGN KEY (`idVisiteur`) REFERENCES `visiteur` (`id`);

--
-- Contraintes pour la table `lignefraisforfait`
--
ALTER TABLE `lignefraisforfait`
  ADD CONSTRAINT `lignefraisforfait_ibfk_1` FOREIGN KEY (`idVisiteur`,`mois`) REFERENCES `fichefrais` (`idVisiteur`, `mois`),
  ADD CONSTRAINT `lignefraisforfait_ibfk_2` FOREIGN KEY (`idFraisForfait`) REFERENCES `fraisforfait` (`id`);

--
-- Contraintes pour la table `lignefraishorsforfait`
--
ALTER TABLE `lignefraishorsforfait`
  ADD CONSTRAINT `lignefraishorsforfait_ibfk_1` FOREIGN KEY (`idVisiteur`,`mois`) REFERENCES `fichefrais` (`idVisiteur`, `mois`);

--
-- Contraintes pour la table `presenter`
--
ALTER TABLE `presenter`
  ADD CONSTRAINT `presenter_ibfk_1` FOREIGN KEY (`id_visit`) REFERENCES `visiteur` (`id`),
  ADD CONSTRAINT `presenter_ibfk_2` FOREIGN KEY (`id_med`) REFERENCES `medicament` (`id_med`);
COMMIT;

/*!40101 SET CHARACTER_SET_CLIENT=@OLD_CHARACTER_SET_CLIENT */;
/*!40101 SET CHARACTER_SET_RESULTS=@OLD_CHARACTER_SET_RESULTS */;
/*!40101 SET COLLATION_CONNECTION=@OLD_COLLATION_CONNECTION */;
